procedurecode,proceduredesc,tariffamount,tariffname
DRG1000,10% DEXTROSE,1582.87,isalu
DRG 800033,1vial of pulmcort 0.5MG,2093.85,isalu
DIAG525,25 Hydroxy Cholecalciferol (Vitamin D) -  [Serum],71500.00,isalu
DRG1003,4.3 DEXTROSE 4NORMAL SALINE 0.18,1700.00,isalu
DRG1703,4.3 DEXTROSE SALINE,1752.59,isalu
DRG1004,5% DEXTROSE INFUSION,1500.00,isalu
DRG1005,50% DEXTROSE,1500.00,isalu
PCD267,ABDOMINAL HYSTERECTOMY,715200.00,isalu
PCD284,ABDOMINAL MYOMECTOMY - BELOW 28 WEEKS,1080000.00,isalu
CLI0101,ABDOMINAL RECTOPEXY - GENERAL WARD,8016.00,isalu
DIAG1845,ABDOMINOPELVICS,10260.00,isalu
DIAG789,"Abnormal Haemoglobin studies (Hb variants),  -  [Blood]",2494.80,isalu
DIAG1655,ABO BLOOD GROUPING AND RHESUS TYPING/ BLOOD GROUP   -  [EDTA -BLOOD],8000.00,isalu
CLI0009,Above Elbow Cast,97200.00,isalu
PCD131,"ABSCESS - LARGE, OR EXTENSIVE CELLULITIS REQUIRING INCISION OR DRAINAGE",32640.00,isalu
PCD130,"ABSCESS - SMALL, OR CELLULITIS REQUIRING INCISION AND DRAINAGE WITH LOCAL ANAESTHETIC",48600.00,isalu
DRG1012,ACARBOSE,115.20,isalu
DRG1013,ACCOLATE 20MG TAB,100.80,isalu
DRG4013,ACECLOFENAC 100MG,57.60,isalu
DRG1021,ACETAZOLAMIDE 250MG TAB,72.00,isalu
DRG1715,ACETAZOLAMIDE 250MG TAB,100.80,isalu
DRG3169,ACICLOVIR 200MG TAB,200.00,isalu
DRG4016,ACICLOVIR 800 MG,244.80,isalu
DRG1023,ACICLOVIR CREAM,5817.45,isalu
MED0289,ACICLOVIR TAB 100MG,129.60,isalu
DRG1025,ACICLOVIR TAB 400MG,250.00,isalu
DIAG184,"Acid Phosphatase, prostatic fraction -  [Serum]",2500.00,isalu
DIAG185,"ACID PHOSPHATASE, TOTAL  -  [SERUM]",8800.00,isalu
PCD770,Acoustic Neuroma,63840.00,isalu
DRG1033,ACTIVATED VEGETABLE CHARCOAL,1496.88,isalu
DRG1035,ACTRAPID INSULIN 10MLS (40 UNITS/ML),2880.00,isalu
DRG1036,ACTRAPID PENFIL,12816.00,isalu
PCD4004,Acute Intra-Abdominal Vascular Disease Surgery,4704.00,isalu
DRG4018,ACYCLOVIR EYE OINTMENT,1180.00,isalu
MED0548,Acycoeplusaceclofenac+pcm,284.59,isalu
DRG1037,ADALAT CR 30MG TABS X28,288.00,isalu
DRG1040,Addyzoa tablet,858.17,isalu
PCD170,ADENOTONSILLECTOMY,385000.00,isalu
CLI0013,Adhesiolysis,94802.40,isalu
PCD91,Adrenalectomy,638400.00,isalu
DRG1041,ADRENALINE INJ 1MG/AMP,1261.86,isalu
DRG5008,ADULT DIAPERS,550.00,isalu
DRG1042,ADVANTAN 0.1% CREAM,2808.00,isalu
DRG1043,ADVANTAN OINTMENT,2844.00,isalu
DIAG817,AFB XPERT PANEL BY GENEXPERT,71280.00,isalu
DIAG643,"AFB, CULTURE BY CONVENTIONAL  LJ MEDIUM -  [SPUTUM]",22233.42,isalu
DIAG646,"AFB, SMEAR EXAMINATION BY FLUORESCENT MICROSCOPY -  [ANY SPECIMEN ]",3900.00,isalu
DIAG528,AFP-ALPHA FETO PROTEIN -  [SERUM],20991.96,isalu
DRG1046,AFRAB VITE DROP,1125.43,isalu
PCD275,After Birth Care,35000.00,isalu
DRG4025,AKINETON INJ,1306.79,isalu
DRG3281,ALBENDAZOLE 200MG TAB,72.00,isalu
DRG3282,ALBENDAZOLE 400MG TAB,811.42,isalu
DRG4030,ALBENDAZOLE INJECTION 400MG,239.33,isalu
DIAG188,ALBUMIN -  [SERUM],16816.14,isalu
CLI0104,ALBUMIN CREATININE RATIO- [ACR],28333.80,isalu
DRG1064,Alendronic acid 70mg (Milpharm) X4,2851.20,isalu
DRG4035,ALFUZOSIN TAB,645.08,isalu
DIAG193,ALKALINE PHOSPHATASE ALP -  [SERUM],4573.80,isalu
DRG1067,ALLOPURINOL 100MG TAB,147.99,isalu
DRG1068,ALLOPURINOL 300MG TAB,130.07,isalu
DRG1072,ALOMIDE EYE DROPS 10MLS,3340.80,isalu
DRG1073,ALPHABETIC CAPLET,748.48,isalu
DIAG195,ALT (SGPT) -  [SERUM],5225.00,isalu
DRG4041,ALTARGO CREAM RETAPAMULIN,3384.00,isalu
DRG4043,AMANTADINE HCL 100MG,813.78,isalu
DRG1080,AMARYL 1MG * 30 TABS,92.16,isalu
DRG1092,AMIKACIN  INJECTION 500MG/2ML,1425.60,isalu
MED0304,Amikacin injection,3406.57,isalu
DRG1093,AMILORIDE 5MG TAB,79.20,isalu
DRG2117,AMILORIDE HYDROCHLORIDE 5MG AND HYDROCHLOROTHIAZIDE 50MG,64.40,isalu
DRG1094,amino pep liq 200ml b/s,1353.60,isalu
DRG4054,Aminofer Capsules,48.96,isalu
DRG1095,AMINOPHYLLINE INJECTION 250MG/AMP,1000.00,isalu
DRG1096,AMIODARONE 100MG TAB,266.81,isalu
DRG1097,AMIODARONE 200MG TAB,265.18,isalu
DRG1098,AMITRIPTYLINE 25MG,46.00,isalu
DRG1101,AMITRIPTYLINE TABS 50MG,64.80,isalu
DRG1106,AMLODIPINE 10MG,73.60,isalu
DRG1220,AMLODIPINE 2.5MG,115.20,isalu
DRG1110,AMLODIPINE 5MG,91.70,isalu
DRG4064,AMLODIPINE VALSARTAN 10/160MG TAB,650.00,isalu
MED0044,AMLODIPINE VALSARTAN 5/160MG TAB,1241.86,isalu
DRG1900,AMLODIPINE VALSARTAN HCT 10/160/12.5MG TAB,700.00,isalu
MED0201,AMLODIPINE VALSARTAN HCT 10/320/25MG TAB,3123.49,isalu
MED0011,AMLODIPINE VALSARTAN HCT 5/160/12.5MG TAB,1404.49,isalu
DRG4067,AMLODIPINE VALSARTAN HCT 5/160/25MG TAB,475.20,isalu
DRG1434,AMODIAQUINE 200MG,32.99,isalu
DRG4078,AMODIAQUINE 50MG/5ML SYRUP,1584.00,isalu
DRG1256,AMOXCILLIN CLAVULANIC 228MG/5ML SUSPENSION,6076.74,isalu
DRG2166,AMOXICILLIN 125MG/5ML SUSPENSION,1140.48,isalu
DRG1142,AMOXICILLIN 250MG CAP,113.55,isalu
MED0520,AMOXICILLIN 250MG/5ML SYRUP,936.00,isalu
DRG2813,AMOXICILLIN 500MG,200.00,isalu
BRG2813,AMOXICILLIN 500MG  (BRANDED),236.25,isalu
DRG1144,AMOXICILLIN 500MG INJECTION,236.25,isalu
DRG1249,AMOXICILLIN CLAVULANIC ACID 1.2MG INJECTION,4534.71,isalu
DRG1250,AMOXICILLIN CLAVULANIC ACID 1G TAB,498.96,isalu
DRG1943,AMOXICILLIN CLAVULANIC ACID 375MG SUSPENSION,5346.00,isalu
DRG1127,AMOXICILLIN CLAVULANIC ACID 375MG TABLET,336.00,isalu
DRG1133,AMOXICILLIN CLAVULANIC ACID 457MG SUSPENSION,6000.00,isalu
DRG1128,AMOXICILLIN CLAVULANIC ACID 600MG INJECTION,2227.58,isalu
DRG1129,AMOXICILLIN CLAVULANIC ACID 625MG TAB,200.00,isalu
BRG1129,AMOXICILLIN CLAVULANIC ACID 625MG TAB (BRANDED),421.74,isalu
DRG1141,AMOXYCILLIN INJ. 500MG,300.00,isalu
DRG1150,Ampicillin 250mg+Cloxacillin 250mg per vial (sodium salt of each),500.00,isalu
DRG1151,Ampicillin 50mg + cloxacillin 25 mg,2016.00,isalu
DRG1148,AMPICILLIN CLOXACILLIN 500MG,122.89,isalu
SUR0044,Amputation and Disarticulation of Joints,211200.00,isalu
SUR0045,Amputation and Limb Substitution,211200.00,isalu
DIAG198,AMYLASE -  [SERUM],11286.00,isalu
DIAG388,ANA - ANTI NUCLEAR ANTIBODY - [SERUM],49500.00,isalu
PCD4016,Anaesthetist Fee Major,40000.00,isalu
PCD4018,Anaesthetist Fee Medium/Intermediate,30000.00,isalu
DRG1155,ANAFRANIL 25,297.00,isalu
CLI0105,ANAL FISTULECTOMY REPAIR,486000.00,isalu
SUR0002,ANAL PULL THROUGH PROCEDURE SWENSON,24000.00,isalu
PCD22,Anal Sphincterotomy,24000.00,isalu
DRG1161,ANALGESIC CREAM,450.00,isalu
CLI0024,Anastomosis Of Common Bile Duct,963840.00,isalu
PCD4406,ANC BRONZE,80000.00,isalu
DRG1159,Ankle support trx,17514.36,isalu
DRG1163,ANTACID SUSPENSION,1537.38,isalu
DRG1162,ANTAZOLINE 0.05%/ TETRAHYDROZOLINE 0.04% EYE DROP,3376.30,isalu
PCD280,ANTENATAL CARE PACKAGE- ROUTINE INV AND 8 VISITS,40000.00,isalu
DRG1164,ANTHISAN CREAM 25G,2736.00,isalu
CLI0146,Anti Citrulinated Protein Antibodies,66521.00,isalu
DRG1165,ANTI D IMMUNOGLOBULIN INJECTION,28800.00,isalu
DIAG866,Anti HAV - IgG Antibody to Hepatitis A Virus -  [Serum],14000.00,isalu
DIAG530,ANTI HAV - IGM ANTIBODY TO HEPATITIS A VIRUS -  [SERUM],15000.00,isalu
DIAG531,ANTI HBCAG -IGM ANTIBODIES TO HEPATITIS B CORE AG -  [SERUM],10000.00,isalu
DIAG532,ANTI HBCAG -TOTAL ANTIBODIES TO HEPATITIS B CORE AG -  [SERUM],8000.00,isalu
DIAG867,ANTI HBSAG SURFACE ANTIBODY (SERUM),22346.28,isalu
DIAG534,ANTI HBSAG -TOTAL ANTIBODIES TO HEPATITIS B SURFACE ANTIGEN (QUANTITATIVE),50000.00,isalu
DIAG1660,ANTI HCV- SCREENING -[SERUM],3000.00,isalu
DIAG874,Antimony ICPMS - [EDTA Blood],28595.70,isalu
MED0537,Antinuclear Antibody,44000.00,isalu
DRG1166,ANTIRABIES INJECTION,13365.00,isalu
DRG1167,ANTISTIN-PRIVIN EYE DROPS 1OML,1872.00,isalu
DRG1173,APOBACYN POWDER,1584.00,isalu
DRG1176,APROVASC 150/10MG TABS X30,1926.82,isalu
DRG1177,APROVASC 150/5MG TABS X28,1033.12,isalu
DRG1178,APROVASC 300/10MG TABS X28,891.00,isalu
DIAG1665,aPTT- Activated Partial Thromboplastin -  [Citrated  Plasma],2600.00,isalu
DRG1188,ARICEPT (DONEZEPIL),1008.00,isalu
DRG1190,Aristobet N OINTMEMT,2518.56,isalu
OPT11,Aristobet N Ointment,62400.00,isalu
PCD6001,ARM SLING,10012.46,isalu
DRG1776,ARTEETHER 150MG/2ML INJECTION,1840.22,isalu
DRG4661,ARTEETHER 75MG/2ML INJECTION,1544.40,isalu
DRG1195,ARTEMISININ/PIPERAQUINE 62.5MGMG/375MG,1000.00,isalu
DRG1198,ARTESUNATE 120MG INJ.,2208.26,isalu
DRG1437,ARTESUNATE 25MG/AMODIAQUINE 75MG,700.25,isalu
DRG1199,ARTESUNATE 50MG TAB,350.00,isalu
DRG1200,ARTESUNATE 60MG INJ.,3251.73,isalu
MED0226,ARTESUNATE INJECTION 30MG,1300.00,isalu
DRG1201,ARTESUNATE SYRUP,3318.08,isalu
DRG2816,ARTESUNATE/AMODIAQUINE 50MG/200MG,400.00,isalu
DRG1196,ARTESUNATE/MEFLOQUINE 100/125MG,0.00,isalu
DRG1197,ARTESUNATE/MEFLOQUINE 200/250MG,0.00,isalu
DRG2538,ARTESUNATE/SULFAMETHOXYPYRAZINE/PYRIMETHAMINE 100MG/250MG/12.5MG,17784.36,isalu
DRG1588,ARTESUNATE/SULFAMETHOXYPYRAZINE/PYRIMETHAMINE 200MG/500MG/25MG,528.00,isalu
DRG1084,ARTHEMETER  LUMEFRANTINE 20/120,90.00,isalu
DRG1081,ARTHEMETER  LUMEFRANTINE 80/480,213.00,isalu
BRG1081,ARTHEMETER  LUMEFRANTINE 80/480  (BRANDED),350.46,isalu
DRG1202,ARTHEMETER  LUMEFRANTINE SYRUP,2762.10,isalu
DRG2216,ARTHEMETER 80MG INJECTION,1500.00,isalu
DRG1203,ARTHEMETER INJECTION 40MG,2091.60,isalu
DRG1083,ARTHEMETER LUMEFANTRINE 40/240,110.00,isalu
DRG1209,ARTHRITISCARE SATCHET,120.00,isalu
DRG1182,ARTIFICIAL TEARS,2304.00,isalu
DRG1212,ARVED 450MG TAB,230.40,isalu
DRG1219,ASMALYN SYRUP,1164.24,isalu
BIO0017,ASO Titre anti DnaseB,5200.00,isalu
DIAG683,ASPIRATE FOR M/C/S,19602.00,isalu
DRG1222,ASPIRIN 300MG,27.60,isalu
DRG1224,ASPIRIN 75MG,36.20,isalu
DRG2482,ASPIRIN CREAM,520.00,isalu
PCD4032,"ASSISTED DELIVERY (FORCEPS,VACUUM ETC): BUNDLED PRICE",80000.00,isalu
DIAG207,AST (SGOT) -  [Serum],4775.76,isalu
DRG1227,ASTIZOL 10MG TAB,407.52,isalu
DRG1228,ASTYFER CAP,317.21,isalu
DRG1229,ASTYFER SYRUP,6865.22,isalu
DRG1230,ASTYMIN CAP,475.84,isalu
DRG1231,ASTYMIN INFUSION,10602.90,isalu
DRG1232,ASTYMIN SYRUP,7299.78,isalu
DRG1236,ATACAND 32MG BY 28,510.00,isalu
DRG1239,ATACAND PLUS 16/12.5MG,420.00,isalu
DRG2707,ATENOLOL 100MG,70.00,isalu
DRG1243,ATENOLOL 50MG TAB,270.36,isalu
MED0205,Atersunate   Amodiaquine 50mg/200mg/tab (pack),1152.00,isalu
DRG1246,ATORVASTATIN 10MG,198.45,isalu
DRG1597,ATORVASTATIN 20MG,197.13,isalu
DRG1245,ATORVASTATIN 40MG,690.64,isalu
DRG1248,ATROPINE EYE DROP,1872.00,isalu
DRG1247,ATROPINE INJ,2561.33,isalu
DRG4100,ATS 10000 IU ANTI TETANUS,648.00,isalu
PCD271,AUGMENTATION OF LABOUR,27000.00,isalu
DRG1260,AUGMENTIN DROP,1733.54,isalu
Dru0006,AURA NASAL SAUCTION/CLEARANCE,20000.00,isalu
SUR0149,AURAL TOILETING,24960.00,isalu
DRG1265,AVOCOMB 450MG TAB,360.00,isalu
DRG1266,Avodart (Dutasteride) 0.5mg,498.96,isalu
DRG1267,AVOLAM 150MG TAB,264.96,isalu
DRG1274,AZATHIOPRIN TABS 50MG,320.76,isalu
DRG3302,AZITHROMYCIN 200MG/5ML SYRUP,2100.00,isalu
DRG3303,AZITHROMYCIN 250MG,200.00,isalu
DRG1278,AZITHROMYCIN 500MG CAP,384.20,isalu
DRG1279,AZOPT EYE DROPS,6624.00,isalu
DRG1282,BACLOFEN 10MGX84 TAB,218.99,isalu
DRG1285,BANOCIDE 50MG TAB,1428.84,isalu
DIAG343,BCG Scar Report,3600.00,isalu
DRG1289,BCG VACINE,3773.00,isalu
DRG1291,BECLOX 500MG CAP,79.20,isalu
DRG1294,BECONASE NASAL SPRAY,4320.00,isalu
DRG1296,Bells Vitamin Syrup 100ml,990.00,isalu
DIAG344,"Bence Jones Proteins (Qualitative) -  [Urine, spot]",33000.00,isalu
DRG1301,BENDROFLUMETHIAZIDE 2.5MG TABS,57.60,isalu
DRG1302,BENDROFLUMETHIAZIDE TABS 5MG,64.80,isalu
DRG1322,BENZHEZOL 5MG TAB,30.00,isalu
DRG3243,BENZOYL PEROXIDE AND SALICYLIC ACID,480.00,isalu
DRG1168,Benzyl benzoate + bismuth Oxide + Bismuth subgallate+ Hydrocortisone Suppository 33mg + 24mg + 59mg cream,708.49,isalu
DRG2391,BENZYL BENZOATE LINIMENT 100MLS,1718.42,isalu
DRG1324,BENZYL PEROXIDE 10% LOTION,6237.00,isalu
DRG1325,BENZYL PEROXIDE 5% LOTION,1080.00,isalu
DIAG915,Beta HCG  Quantitative,31482.00,isalu
DRG4257,BETAMETHASONE + SALICYLIC ACID 15G,9290.64,isalu
DRG4107,BETAMETHASONE EYE DROP,2849.13,isalu
DRG1335,BETAMETHASONE N  CREAM,800.00,isalu
DRG1065,BETAMETHASONE/NEOMYCIN EYEDROP,1584.00,isalu
DRG1327,BETAXOLOL 0.5%,2304.00,isalu
DRG1339,BETNOVATE N CREAM,2520.00,isalu
DRG1341,BETROSIL CREAM 20MG,1591.13,isalu
DRG1346,BICALUTAMIDE TABS 50MG * 28,634.43,isalu
DIAG208,BICARBONATE -  [SERUM],4400.00,isalu
SUR0107,BILATERAL ARTERY LIGATION,24000.00,isalu
PCD4401,BILATERAL AURAL PACKING,20000.00,isalu
PCD126,BILATERAL HERNIA - INGUINAL REPAIR,513000.00,isalu
CLI0108,BILATERAL ORCHIDECTOMY,491040.00,isalu
PCD269,Bilateral Tubal Ligation,35000.00,isalu
DIAG209,BILIRUBIN (DIRECT) -  [SERUM],6602.31,isalu
DIAG211,BILIRUBIN (TOTAL) -  [SERUM],2000.00,isalu
DIAG212,"BILIRUBIN (TOTAL, DIRECT, INDIRECT) -  [SERUM]",6602.31,isalu
DIAG454,BIOPSY- LARGE  SPECIMEN FOR HISTOLOGY -  [TISSUE],37800.00,isalu
PCD4040,Biopsy Of Tumor Of Abdominal Wall,4704.00,isalu
DIAG456,BIOPSY- SMALL SPECIMEN FOR HISTOLOGY -  [TISSUE],30780.00,isalu
DIAG458,BIOPSY-SKIN BIOPSY FOR HISTOLOGY WITH SPECIAL STAIN (SOS) -  [TISSUE],45000.00,isalu
DRG1362,BISACODYL 10MG SUPPOSITORIES,1156.98,isalu
DRG1770,BISACODYL 10MG TAB,45.56,isalu
DRG1364,BISOPROLOL 10MG,200.00,isalu
DRG1365,BISOPROLOL 2.5MG,183.84,isalu
DRG1366,BISOPROLOL 5MG,150.00,isalu
DRG1367,BISOVOLIN TAB,144.00,isalu
DRG1368,BIVACYN SPRAY,2088.00,isalu
PCD220,Bladder - Repair Of Rupture,200000.00,isalu
DRG4114,BLADDER SYRINGE,950.40,isalu
DIAG1667,BLEEDING AND CLOTTING TIME,1000.00,isalu
CLI0139,BLEEDING TIME,3076.92,isalu
DIAG686,BLOOD CULTURE (AEROBIC AND ANAEROBIC),8000.00,isalu
BIO0016,BLOOD GROUP AND ANTIBODY,1960.20,isalu
DIAG1799,Blood Screening of Donor Blood  Infection Screen x 3 pint,1000.00,isalu
DRG1512,BLOOD TONIC CAPSULES,36.00,isalu
DRG1925,BLOOD TONIC SYRUP,2736.00,isalu
PCD788,BLOOD TRANSFUSION RH +VE BLOOD WITH SET,20000.00,isalu
PCD789,BLOOD TRANSFUSION RH -VE BLOOD WITH SET,23000.00,isalu
DRG1370,BONABABE SYRUP,420.00,isalu
CLI0132,BOTH LOWER LIMBS (ARTERIAL),85536.00,isalu
PCD9,"Breast - Simple Mastectomy, Unilateral",100000.00,isalu
Pro0004,BREAST SCAN,16251.84,isalu
DRG1381,BRETT MOUTH WASH,997.92,isalu
DRG1390,BROMAZEPAM 1.5MG,65.34,isalu
DRG1391,BROMAZEPAM 3MG,221.10,isalu
DRG1388,BROMHEXINE 80MG TAB,138.24,isalu
DRG1389,BROMOCRIPTINE 1.25MG TAB,180.00,isalu
MED0618,BRONCHOLYTE 4mg/5ml,1865.00,isalu
DRG1398,BRUSTAN-N SYRUP 60ML,648.00,isalu
PCD134,BURNS WOUND DEBRIDEMENT AND DRESSING,7500.00,isalu
DIAG540,"CA- 125 (CANCER ANTIGEN-125),  -  [SERUM]",33085.80,isalu
DIAG541,"CA- 15.3 (CANCER ANTIGEN 15.3),  -  [SERUM]",33085.80,isalu
CLI0144,CA 19.9,35640.00,isalu
DIAG542,CA- 19.9 (CANCER ANTIGEN 19.9)  -  [SERUM],13500.00,isalu
DIAG948,CA- 242  -  [Serum],13500.00,isalu
DRG1407,CABERGOLINE 0.5MG TABS,2913.69,isalu
DRG1408,CAC 1000,1485.57,isalu
INP0016,Caesarean section general ward,3000.00,isalu
PCD307,CAESERAN SECTION,500000.00,isalu
DRG4132,CAFFEINE 5MG ML INJ,24449.04,isalu
DRG1413,CALAMINE LOTION,500.00,isalu
DIAG221,CALCIUM -  [SERUM],80.45,isalu
DIAG183,CALCIUM -  [URINE],4500.00,isalu
DRG1421,CALCIUM GLUCONATE INJ,1552.32,isalu
DRG4133,CALCIUM GLUCONATE TAB,184.98,isalu
DRG1422,CALCIUM LACTATE 300MG TAB,18.40,isalu
DRG4134,CALCIUM SUSPENSION,814.97,isalu
DRG1436,CAMOSUNATE ADULT,990.71,isalu
DRG2903,CANDERSARTAN 16MG,200.00,isalu
MED0247,CANDERSARTAN 2MG,230.40,isalu
MED0251,CANDERSARTAN 32MG,1597.86,isalu
MED0248,CANDERSARTAN 4MG,403.20,isalu
DRG1441,CANDESARTAN 8MG,300.00,isalu
DRG1238,CANDESARTAN/HYDROCHLOROTHIAZIDE 16MG/12.5MG,576.00,isalu
MED0124,Candibiotic Ear Drops,1440.00,isalu
DRG1445,CANESTEN PESSARY 500MG BY 1,698.40,isalu
SUR0030,Capsule Endoscopy,53280.00,isalu
DRG1449,CAPTOPRIL 12.5MG,72.00,isalu
DRG1450,CAPTOPRIL 25MG TAB,80.64,isalu
DRG1451,CAPTOPRIL 50MG TAB,122.40,isalu
DRG1454,CARBAMAZEPINE 200MG TAB,13935.24,isalu
DRG1453,CARBAMAZEPINE 400MG TAB,200.00,isalu
DRG3031,CARBAMAZEPINE SYRUP,13935.24,isalu
DRG1455,CARBIMAZOLE 5MG,229.81,isalu
DRG1457,CARDIOACE CAP,165.60,isalu
DIAG963,Cardiolipin Antibody- IgG -  [Serum],39924.50,isalu
DIAG964,Cardiolipin Antibody- IgM -  [Serum],20000.00,isalu
CONS003,CARDIOLOGIST CONSULTATION,28215.00,isalu
CONS004,CARDIOLOGIST FOLLOW UP,20000.00,isalu
CONS005,CARDIOTHORACIC SURGEON  FOLLOW UP,35910.00,isalu
CONS006,CARDIOTHORACIC SURGEON CONSULTATION,51300.00,isalu
PCD619,Carotid Sinus Denervation,5000.00,isalu
DRG1460,CARVEDILOL 12.5MG TAB,64.80,isalu
DRG1461,CARVEDILOL 25MG TAB,79.20,isalu
DRG1462,CARVEDILOL 3.125MG,144.82,isalu
DRG1463,CARVEDILOL 6.25MG TAB,144.89,isalu
DRG1467,CASTOR OIL B.,6519.74,isalu
DIAG139,CATHETER SITE DRESSING,1500.00,isalu
PCD241,CATHETERISATION,56430.00,isalu
CLI0067,CAUTERIZATION,106920.00,isalu
DIAG543,CEA,44000.00,isalu
DIAG546,CEA -Carcino Embryonic Antigen -  [Tissue],30000.00,isalu
DRG1472,CECLOR SUSPENSION,1800.00,isalu
DRG1474,CEFIXIME 100MG SUSPENSION,2851.20,isalu
DRG2552,CEFIXIME 200MG,250.00,isalu
DRG2553,CEFIXIME 400MG,250.00,isalu
DRG1476,CEFOTAXIME INJECTION 500MG,3399.34,isalu
DRG4143,CEFPODOXIME 100MG/5ML SYRUP,11370.74,isalu
DRG4144,CEFPODOXIME 200MG,465.70,isalu
DRG4146,CEFPODOXIME 50MG/5ML SYRUP,4160.00,isalu
DRG4147,CEFTAZIDIME 1G INJ,3150.00,isalu
DRG4149,CEFTRIAXONE 500MG INJ,950.40,isalu
DRG1477,CEFTRIAZONE INJ 1G,2905.36,isalu
DRG1479,CEFUNAT SUSPENSION,504.90,isalu
DRG1482,CEFUROXIME 125MG SUSPENSION,6414.96,isalu
DRG4150,CEFUROXIME 250MG INJ,2100.00,isalu
DRG1991,CEFUROXIME 250MG SUSPENSION,4621.35,isalu
DRG1480,CEFUROXIME 250MG TAB,200.00,isalu
MED0198,CEFUROXIME 500MG INJ,960.00,isalu
DRG1478,CEFUROXIME 500MG TAB,250.00,isalu
DRG4151,CEFUROXIME 750MG INJ,2285.99,isalu
DRG1485,CELECOXIB 200MG CAPS,150.00,isalu
DIAG701,Cell count -  [CSF],7300.00,isalu
PCD159,Central Vein Catheterisation-Procedure Kit,56133.00,isalu
DRG3319,CENTRUM MULTIVITAMINS TAB,123.84,isalu
DRG2959,CEPHALEXIN 125MG/5ML SUSPENSION,1224.00,isalu
DRG1498,CEPHALEXIN 500MG CAPS,123.84,isalu
DRG1501,CEPOREX SYRUP 125MG/ML,1800.00,isalu
DRG1502,CEPOREX SYRUP 250MG/ML,2088.00,isalu
DRG4155,CERVARIX INJECTION,20587.07,isalu
PCD304,CERVICAL CERCLEAGE,179550.00,isalu
DRG1504,CERVICAL COLLAR HARD LARGE,17084.41,isalu
DRG1505,CERVICAL COLLAR HARD MEDIUM,8910.00,isalu
DRG1506,CERVICAL COLLAR SOFT LARGE,7920.00,isalu
PCD258,CERVICAL LACERATION REPAIR,10656.00,isalu
PCD257,CERVICAL POLYPECTOMY,81000.00,isalu
PCD615,Cervical Rib Excision,7200.00,isalu
PCD254,Cervix - Amputation Or Reconstruction Vaginal Approach,130000.00,isalu
PCD256,Cervix Cauterisation Of - With Anaesthesia,50000.00,isalu
PCD309,CESAREAN SECTION WITH BILATERAL SALPINGOOPERECTOMY,200000.00,isalu
DRG1376,Cetalkonium Chloride + Choline Salicylate 1OG,1424.25,isalu
MED0551,Cetirizine (Syr. Zyncet 60ml),475.20,isalu
DRG1511,CETIRIZINE 10MG,43.20,isalu
DRG4156,CETIRIZINE SYRUP,475.20,isalu
CLI0050,Change Of Central Line,56133.00,isalu
PCD704,Cheiloplasty,528000.00,isalu
DRG4157,CHICKEN POX VACCINE,29959.02,isalu
IMU0001,Chicken Pox Vaccine Varicella,17478.72,isalu
DIAG628,"CHLAMYDIA , NUCLEIC ACID",44000.00,isalu
DIAG703,CHLAMYDIA TRACHOMATIS SPECIFIC ANTIGEN - [SWAB],15000.00,isalu
DRG1526,CHLOPHENAMINE 2MG SYRUP,648.00,isalu
DRG2693,CHLOPHENAMINE 4MG,35.64,isalu
DRG1706,CHLORAMPHENICCOL EYE DROP,840.00,isalu
DRG1519,CHLORAMPHENICOL EYE OINTMENT,848.60,isalu
DRG4158,CHLORAMPHENICOL INJ 1G,2347.88,isalu
DRG1520,CHLORAMPHENICOL INJ. 500MG,288.00,isalu
DRG4160,Chlorhexidine (Emxidine) 25g Gel,1027.48,isalu
DIAG225,Chlorides -  [Serum],700.00,isalu
DRG1523,CHLOROQUINE 300MG TAB,71.15,isalu
DRG1524,CHLOROQUINE INJ 200MG/5ML,1290.37,isalu
DRG1525,CHLOROQUINE SYRUP 75mg/5ml,983.14,isalu
DRG1527,CHLORPHENIRAMINE 4MG TAB,27.60,isalu
DRG1528,CHLORPHENIRAMINE INJ 10MG,500.00,isalu
DRG1832,CHLORPHENIRAMINE SYRUP,800.00,isalu
DRG1529,CHLORPROMAZINE 100MG TAB,184.02,isalu
DRG1530,CHLORPROMAZINE INJ 50MG,1746.36,isalu
DRG1531,CHLORPROPAMIDE 250MG TAB,72.00,isalu
DRG1532,"CHOLECALCIFEROL 5,000 IU SYRUP",1872.00,isalu
DRG1533,"CHOLECALCIFEROL 5,000 IU TAB",216.00,isalu
PCD96,Cholecystectomy,955200.00,isalu
DRG4164,CHOLERA VACCINE,17463.60,isalu
DIAG228,CHOLESTEROL (TOTAL) -  [SERUM],2990.79,isalu
MED0329,CHYMORAL,432.00,isalu
DRG1534,CHYMORAL TAB,195.42,isalu
DRG1536,CICATRIN POWDER,432.00,isalu
DRG1538,CIKLAVIT 200MLS,2232.00,isalu
DRG1540,CIMETIDINE 200 mg,128.07,isalu
DRG1541,CIMETIDINE 200MG INJ,920.11,isalu
DRG1542,CIMETIDINE TAB 400MG,148.70,isalu
DRG1543,,20.00,isalu
DRG2976,CINNARIZINE 25MG,75.00,isalu
DRG1547,CIPROFLOXACIN 200MG INFUSION,1000.00,isalu
DRG0358,CIPROFLOXACIN 500MG,284.59,isalu
DRG1546,CIPROFLOXACIN EYE DROPS,1450.13,isalu
PCD240,CIRCUMCISION,8000.00,isalu
PCD4403,CIRCUMCISION BY PAEDIATRIC SURGEON,249096.00,isalu
DRG4175,CITANEW 10 MG ESCITALOPRAM,110.00,isalu
DRG4176,CITANEW ESCITALOPRAM 5MG,374.22,isalu
DRG1552,CLAFORAN INJ,2880.00,isalu
DRG1559,CLARITHROMYCIN 500MG CAP,250.00,isalu
DRG4179,CLAVAM 228MG/5ML_100MLS,3207.60,isalu
DRG1568,CLEXANE INJ 20MG,23447.79,isalu
DRG4185,CLINDAMYCIN 150MG CAP,169.00,isalu
DRG1573,CLINDAMYCIN 300MG CAP,200.00,isalu
DRG4187,CLINDAMYCIN INJECTION 600MG,330.00,isalu
DRG1574,CLINITEST TAB,115.20,isalu
DRG1576,CLOBETASOL CREAM 45G,1800.00,isalu
DRG1579,CLOMID 50MG TAB,1940.36,isalu
DRG4190,CLONAZEPAM 0 5MG TABS,855.36,isalu
DRG2700,CLOPIDOGREL 75MG,110.00,isalu
DRG5009,CLOPIXOL 200MG(ZUCLOPENTHIXOL200MG/AMP,3333.96,isalu
PCD530,CLOSED REDUCTION OF FRACTURE OF SMALL BONE WITH EXTERNAL FIXATOR,21120.00,isalu
DRG2425,CLOTRIMAZOLE 2% SOLUTION 25MLS,780.00,isalu
DRG1443,CLOTRIMAZOLE CREAM 100MG,2744.28,isalu
DRG1444,CLOTRIMAZOLE PESSARY,1000.00,isalu
DRG2195,CLOTRIMAZOLE/METRONIDAZOLE/LACTOBACILLUS SPORES,2000.00,isalu
BIO0023,CLOTTING PROFILE,29600.00,isalu
DRG1575,CLOXACILLIN 250MG CAP,50.40,isalu
DIAG549,CMV-IgG Antibodies to Cyto Megalo Virus -  [Serum],20111.00,isalu
DIAG551,CMV-IgM Antibodies to Cyto Megalo Virus -  [Serum],20111.00,isalu
DRG1586,CoAprovel 150/12.5mg,646.04,isalu
DRG1590,CO-ARSUCAM ADULT TABS,1728.00,isalu
DRG1591,CO-ARSUCAM JUNIOR TABS,1728.00,isalu
DRG1594,COD LIVER OIL CAP,100.98,isalu
DRG1595,COD LIVER OIL CAP 525MG (7SEAS),4864.86,isalu
DRG1596,COD LIVER OIL SYRUP,100.98,isalu
DRG1593,CODEINE AND PARACETAMOL 8/500MG,120.00,isalu
DRG4202,CODLIVER OMEGA 3 TAB,2750.00,isalu
DRG4204,COLCHICINE TABS 1MG,368.40,isalu
PCD57,Colectomy - Total With Ileo-Rectal Anastomosis,830400.00,isalu
DRG1608,COLIPAN 10MG TAB,223.20,isalu
DRG1609,COLIPAN SYRUP 5MG/MLS,648.00,isalu
DRG1610,COLLOMACK SOLUTION 10ML,3427.38,isalu
OPT29,COLOR VISION,4320.00,isalu
DRG1611,COLOSTOMY BAG SIZE 50,1944.00,isalu
DIAG176,Colposcopy  Biopsy  Histopathology,20800.00,isalu
SUR0172,COMB TEST ( INDIRECT ),5500.00,isalu
MED0322,combination 3 Pill,8033.26,isalu
DRG1617,COMBIVIR TAB 450MG,720.00,isalu
DRG1618,CO-MICARDIS 40/12.5 Sachet,498.96,isalu
DRG1619,Co-Micardis 80/12.5mg Sachet,550.26,isalu
PCD25,Complicated Repair Of Anal Fistula,21120.00,isalu
PCD682,Condilectomy- Bilateral,595200.00,isalu
OPT187,Conjuctivectomy And Cryoapplication (Major-SURGICAL),22080.00,isalu
DRG1623,CONTIFLO XL,216.29,isalu
SUR0058,Conversion Of Hemiarthroplasty To Total Shoulder Replacement,571200.00,isalu
DIAG1672,Coomb's test (Direct) or Direct antiglobulin test (DAT) -  [EDTA -Blood],6949.80,isalu
DIAG1673,Coomb's test (Indirect) or Indirect antiglobulin test (IAT) -  [Serum],18700.00,isalu
DRG1624,COPPER T (IUCD),2580.73,isalu
PCD351,Cornea Or Sclera - Removal Of Foreign Body,21024.00,isalu
PCD408,Corrective Osteotomy,864000.00,isalu
MED0542,Corsodyl mouth wash,10371.24,isalu
DIAG553,Cortisol -  [Serum],19159.00,isalu
DIAG1083,"Cortisol - Free [Urine, 24 hours]",19159.00,isalu
DRG1626,COSOPT EYE DROP EGYPT,6912.00,isalu
DRG1627,CO-TENIDONE 100/25MG,93.60,isalu
DRG1628,CO-TENIDONE 50/12.5MG,57.60,isalu
DRG1631,COTRIMOXAZOLE 480MG  TAB,36.00,isalu
DRG2914,CO-TRIMOXAZOLE 960MG TAB,350.00,isalu
DRG1630,CO-TRIMOXAZOLE SYRUP,29.70,isalu
DRG1318,COUGH  SYRUP (CODIENE) paediatric,3182.26,isalu
DRG4208,COUGH SYRUP,930.00,isalu
MED0592,Cough Syrup (guaifenesin)(expectorant),853.78,isalu
DRG1635,COVERAM 5/10MG TABS X30,2056.82,isalu
DRG1636,COVERAM 5/5MG TABS X30,1442.26,isalu
DIAG233,CPK - CREATININE PHOSPHOKINASE (TOTAL) -  [SERUM],11000.00,isalu
DIAG234,C-REACTIVE PROTEIN (ASPIRATE),19976.22,isalu
DIAG236,CREATININE -  [SERUM],3103.65,isalu
DRG1642,CREPE BANDAGE,256.13,isalu
DRG1643,CRESCENT SIMVASTATIN 10MG,35.00,isalu
PCD901,Critical Care (In ICU),25000.00,isalu
MED0039,CROMAX 2/4,1440.00,isalu
DIAG241,CRP- C-REACTIVE PROTEIN -  [SERUM],6800.00,isalu
PCD4084,Crutches,41912.64,isalu
MED0065,crutches Large,27165.60,isalu
PCD297,Cryotherapy/Cautery of Cervix,45000.00,isalu
DRG1648,CRYSTALLINE PENICILLIN 1MU,388.80,isalu
BIO0008,Csf Chloride,2975.00,isalu
DIAG704,CSF M/C/S,5200.00,isalu
DIAG705,"CSF, Routine examination, (Basic) -  [CSF]",4000.00,isalu
DRG4210,CSM MENIGICOCCAL VACCINE,23987.72,isalu
DIAG035,CT BRAIN,94802.40,isalu
DIAG083,CT LUMBAR SPINE,128304.00,isalu
DIAG099,CT Pulmonary Angiography,116769.60,isalu
CLI0121,CT SCAN BRAIN - CONTRAST,12960.00,isalu
DIAG107,CT SCAN UROGRAPHY,40629.60,isalu
DIAG114,CT Spine,10710.00,isalu
DRG1649,CUSICROM EYE DROP,1440.00,isalu
DRG1654,CYPRI GOLD PLUS CAPLET,100.98,isalu
DRG1655,CYPRI GOLD S/S,100.98,isalu
DRG1656,CYPRI GOLD SYRUP b/s,1629.94,isalu
DRG1657,CYPRIGOLD (CYPROHEPTADINE),28.80,isalu
PCD688,CYST - SOFT TISSUE - EXCISION,192500.00,isalu
PCD215,Cystoscopy and Bladder distension,432000.00,isalu
PCD217,CYSTOURETHROSCOPY - WITH BLADDER NECK INCISION OR MAJOR VISUAL URETHROTOMY,900480.00,isalu
DRG1664,DAFLON 500MG,120.00,isalu
DRG1667,DAKTACORT CREAM,2232.00,isalu
DRG4217,DANAZOL 200MG,522.72,isalu
DRG4220,Dapagliflozin 10mg x28,1063.26,isalu
DRG4222,DARAPRIM TABLET,83.16,isalu
DRG1675,DARAVIT FORTE,322.53,isalu
DRG1981,DARROW'S SOLUTION,1592.02,isalu
DRG1679,D-ARTEPP 40/320MG X9 TABS,261.36,isalu
DRG01B,DAZELKIT(150MG/1G/1G),2080.00,isalu
DIAG555,D-DIMER QUANTIFICATION -  [EDTA BLOOD],20991.96,isalu
DRG4227,DEBIXA 10 ARIPIPRAZOLE 10MG,1782.00,isalu
PCD133,DEBRIDEMENT OF INFECTED WOUND AREA AND CLOSURE,10000.00,isalu
DRG1687,DEEP HEAT SPRAY,2520.00,isalu
PCD508,DEEP LACERATION SUTURE,3850.00,isalu
DENT09,Dental Acrylic Partial Dentures-Clasps(One),90000.00,isalu
DENT10,Dental Acrylic Partial Dentures-Each Additinal Tooth,12000.00,isalu
DENT11,DENTAL ACRYLIC PARTIAL DENTURES-FIRST TOOTH,12000.00,isalu
DENT12,Dental Additional Porcelin Ponting Above 3 Units,12000.00,isalu
DENT13,DENTAL AMALGAM FILLING (A/F),10000.00,isalu
CONS007,DENTAL CONSULTATION,5000.00,isalu
DENT17,DENTAL CURETTAGE (PER TOOTH),6000.00,isalu
DENT19,DENTAL FISSURE SEALANT,5000.00,isalu
CONS008,DENTAL FOLLOW UP,4760.00,isalu
DENT26,Dental Fracture (Mandible/Maxilla) Intermediate,100000.00,isalu
DENT35,Dental Implants with Crown,400000.00,isalu
DENT37,Dental Light Cured - Class III (Front),30000.00,isalu
DENT38,DENTAL LIGHT CURED - CLASS V (SIDE),40000.00,isalu
DENT39,DENTAL LIGHT CURED - COMPOSITE TOOTH BUILD UP,30000.00,isalu
DENT40,dental Light Cured - Incisors (Angle Build Up),40000.00,isalu
DENT44,DENTAL LIGHT CURVED COMPOSITE RESTORATION,12000.00,isalu
DENT46,DENTAL OPERCULECTOMY,40000.00,isalu
DENT47,DENTAL ORTHODONTIC CONSULTATION,20000.00,isalu
DENT50,Dental Pin / Reinforcement ( for restorations) Per Tooth,25000.00,isalu
DENT51,DENTAL PIT AND FISSURE SEALANTS PER TOOTH,5000.00,isalu
DENT56,DENTAL SCALING AND POLISHING,20000.00,isalu
DENT63,DENTAL SURGICAL EXTRACTION (MAJOR),50000.00,isalu
DENT64,DENTAL SURGICAL EXTRACTION (MINOR),6000.00,isalu
DENT65,Dental Teeth Recontouring and reshaping (Per tooth),15000.00,isalu
DENT66,Dental Teeth Whitening (Home),2500.00,isalu
DENT67,Dental Teeth Whitening (Office),1000.00,isalu
DRG4228,DEPIXOL 20MG INJ,5132.16,isalu
DRG1692,DEPOMEDROL INJ 80MG/AMP,3528.00,isalu
CONS009,DERMATOLOGY CONSULTATION,28215.00,isalu
CONS010,DERMATOLOGY FOLLOW UP,23085.00,isalu
DRG1696,DERMOVATE CREAM 25G,1987.20,isalu
DRG1698,DETRUSITOL 2MG TAB,324.00,isalu
DRG1699,DETRUSITOL XL 4MG CAP,648.00,isalu
DRG4231,DEXAMETHASONE 0.5MG TAB,43.70,isalu
DRG4232,DEXAMETHASONE 1MG TAB,9.96,isalu
DRG1785,DEXAMETHASONE EYE DROP,1944.00,isalu
DRG2327,"DEXAMETHASONE, NEOMYCIN, AND POLYMYXIN B",4977.13,isalu
DRG1354,DEXAMETHASONE/GENTAMICIN/CLOTRIMAZOLE CREAM,800.00,isalu
DRG2328,DEXAMETHASONE/NEOMYCIN/POLYMYCIN B OINMENT,1944.00,isalu
DRG1701,DEXAMETHAZONE 4MG INJ,500.00,isalu
DRG1002,DEXTROSE SALINE 4.3,1500.00,isalu
DIAG556,DHEAS - DEHYDROEPIANDROSTERONE SULPHATE -  [SERUM],9000.00,isalu
DRG4240,DHEAS INJ,25823.00,isalu
DRG1710,DIABENESE 250mgTAB,100.80,isalu
PCD100,Diaphragmatic Hernia Repair,170000.00,isalu
DRG1717,DIAZEPAM 5MG INJ,850.00,isalu
DRG1718,DIAZEPAM 5MG TAB,87.42,isalu
DRG2310,DIAZEPAM 5MG/5ML IN 2ML AMP INJECTION,331.20,isalu
DRG1009,DICLOFENAC 100MG TAB,57.60,isalu
DRG3205,DICLOFENAC 125MG SUPPOSITORIES,543.69,isalu
DRG1337,DICLOFENAC 50MG,199.23,isalu
DRG1211,DICLOFENAC 75MG and MISOPROSTOL 200MCG,200.00,isalu
DRG3291,DICLOFENAC CREAM,1000.00,isalu
DRG1719,DICLOFENAC EYE DROP,1350.00,isalu
DRG1720,DICLOFENAC GEL,1900.00,isalu
DRG4250,DICLOFENAC PLUS CHOLESTYRAMINE 75MG TAB,786.51,isalu
DRG1722,DICLOFENAC SODIUM 100MG TAB,150.00,isalu
DRG1723,DICLOFENAC SODIUM 50MG,94.63,isalu
DRG1721,DICLOFENAC SODIUM 75MG INJ,736.09,isalu
DRG1725,DICLOFENAC SODIUM GEL,1339.20,isalu
DRG1728,DICYNONE 250MG INJECTION,3059.10,isalu
DRG1729,DICYNONE 250MG TAB,1108.78,isalu
DRG4252,DIETHYLCARBAMAZINE 50MG TABS,3492.72,isalu
CONS011,DIETICIAN CONSULTATION,28215.00,isalu
CONS012,DIETICIAN FOLLOW UP,24300.00,isalu
DRG1733,DIGOXIN 250MCG,166.10,isalu
DRG4253,DIGOXIN INJ,1728.00,isalu
DRG1060,DIHYDROARTEMISININ 40MG PIPERAQUINE PHOSPHATE 320MG,411.06,isalu
DRG2630,DIHYDROARTEMISININ 80MG PIPERAQUINE PHOSPHATE 640MG SUSPENSION,2245.32,isalu
DRG4239,DIHYDROCODEINE TAB 30MG,250.00,isalu
OPT172,DILATATION,24000.00,isalu
SUR0092,Dilatation Of Cervix Uteri And Curettage Of Uterus Including Polypectomy And Diathermy Of Cervix (DandC),28000.00,isalu
DRG1736,DILOXANIDE FUROATE 500MG TAB,446.40,isalu
DRG4516,DIPHENEXYLATE/ATROPINE TAB,96.48,isalu
DRG1742,DIPYRIDAMOL (PERSANTIN) 200MG CAP,86.40,isalu
SUR0111,Diverticulectomy,144000.00,isalu
DRG1749,DOLONEUROBION TAB,864.00,isalu
DRG2412,DOMPERIDONE 10MG TAB,461.04,isalu
DRG1751,DONEPEZIL TABS 10MG * 28 (MILPHARM),948.98,isalu
DIAG143,DOPAMINE INJECTION,1562.22,isalu
DIAG1785,Dopamine Injection/Dose,1562.22,isalu
SUR0100,Dorsal Root Ganglion Block (Local Anaesthetic Or Neurolytic),21120.00,isalu
DRG1756,DOSTINEX TAB 0.5MG UK,2594.71,isalu
DRG1757,DOXAZOSIN 2MG TABLETS,156.55,isalu
DRG1758,Doxazosin 4mg,235.60,isalu
DRG1759,DOXYCYCLINE 100MG CAP,61.34,isalu
DIAG557,"DR ADEMUYIWA RESEARCH (FERRRTIN, IRON N TIBC)",45934.00,isalu
SUR0104,Drainage Of Breast Abscess,112320.00,isalu
PCD138,Drainage Of Haematoma,70200.00,isalu
PCD261,Drainage of Pelvic Abscess Via Fornices,288000.00,isalu
CLI0143,DRAINAGE OF WHITLOW,7500.00,isalu
DRG1764,DREZ OINTMENT 10G,1562.22,isalu
DRG1765,DREZ SOLUTION 30ML,4811.40,isalu
DRG4265,DROTAVERINE TAB 40MG NOSPA TAB,307.36,isalu
OPH0001,DRY EYE TEST SCHIRMER'S TEST,2688.00,isalu
DRG1769,Ducolax (Bisacodyl 5mg),93.60,isalu
DRG1772,DUOVIR 650MG TAB,698.40,isalu
DRG4267,DUTASTERIDE 0.5MG TAB,144.00,isalu
DRG1773,DYDROGESTRONE 10MG,1382.00,isalu
DRG1774,DYNAMOGEN LIQUID 10MLS,597.72,isalu
DRG1775,E MAL INJECTION 75MG * 3,2049.06,isalu
DIAG558,E2 - ESTRADIOL -  [SERUM],19602.00,isalu
DRG1778,E45 CREAM 50G,1728.00,isalu
DRG1779,E45 lotion,350.00,isalu
PCD792,EAR PIERCING,3591.00,isalu
DIAG710,EAR SWAB M/C/S,4466.88,isalu
PCD794,EAR SYRINGING -BILATERAL,5400.00,isalu
PCD795,EAR SYRINGING -UNILATERAL,2688.00,isalu
DRG1503,EAR WAX SOFTENER,5161.46,isalu
DIAG010,ECG (RESTING) ELECTROCARDIOGRAPHY,16251.84,isalu
DIAG013,ECHOCARDIOGRAPHY,15000.00,isalu
DRG1781,ECOSLIM (ORLISTAT CAPSULES) 120MG,300.00,isalu
PCD4110,Ectopic pregnancy,606144.00,isalu
DRG1786,ELASTOPLAST,25.00,isalu
PCD4113,Electrocautery Of Nose,4224.00,isalu
DIAG244,"Electrolytes = Sodium, Potassium, Chloride  [Urine, spot]",1400.00,isalu
DIAG246,"ELECTROLYTES = SODIUM, POTASSIUM, CHLORIDE [SERUM]",4250.00,isalu
DRG1789,ELICORID,282.24,isalu
CONS083,EMERGENCY CONSULTATION,4800.00,isalu
DRG1801,Emgyl syrup,623.70,isalu
DRG1803,EMMOX 500MG (SACHET),1320.00,isalu
DRG1836,Emzor omega 3 fish oil,112.86,isalu
DRG1851,ENALAPRIL 10mg (TEVA),40.32,isalu
DRG1852,ENALAPRIL TAB 10MG,64.80,isalu
DRG1853,ENALAPRIL TAB 5MG,57.60,isalu
DRG1858,ENCEPHABOL TAB,374.40,isalu
DRG1859,ENDIX-G CREAM,734.40,isalu
DIAG711,ENDOCERVICAL SWAB M/C/S,5000.00,isalu
CONS013,ENDOCRINOLOGY CONSULTATION,18000.00,isalu
CONS014,ENDOCRINOLOGY FOLLOW UP,23085.00,isalu
DIAG479,ENDOMETRIAL BIOPSY  HISTOLOGY,153900.00,isalu
DRG1860,ENGERIX B-VACCINE,5536.08,isalu
DRG1861,ENHANCIN 312MG/5ML SUSP,2304.00,isalu
DRG1862,ENHANCIN 375MG TAB,201.60,isalu
DRG1569,ENOXAPARIN INJ 40MG,17944.74,isalu
OPT45,ENT,13344.00,isalu
CONS015,ENT SPECIALIST CONSULTATION,28215.00,isalu
CONS016,ENT SPECIALST FOLLOW UP,23085.00,isalu
DRG1866,Enterogermina,795.14,isalu
OPT183,Entropion And Ectropion Repairs,21600.00,isalu
DRG1867,EPANUTIN PER SAT,689.04,isalu
DRG4277,EPHEDRINE INJ 1MG AMP,9779.62,isalu
PCD515,EPIDURAL INJECTION ANAESTHETIC - LUMBAR / CAUDAL,120000.00,isalu
DRG1871,EPILIM ENTERIC TAB200mg Sachet,110.00,isalu
DRG1872,EPILIM SYRUP,6264.00,isalu
DRG1873,EPILIM TAB 200MG,115.20,isalu
PCD273,EPISIOTOMY AND REPAIR,12960.00,isalu
DRG1876,EPSOM SALT,110.00,isalu
DRG4281,ERGOMETRINE INJECTION,243.54,isalu
DRG1877,ERGOT INJECTION,644.08,isalu
DRG1878,ERGOT TAB,57.60,isalu
DRG1411,ERGOTAMINE TARTRATE AND CAFFEINE,130.00,isalu
PCD303,ERPC EVACUATION MVA,25000.00,isalu
DRG1880,ERYTHROMYCIN 125MG/5ML SUSP,3135.00,isalu
DRG2886,ERYTHROMYCIN 500MG,135.00,isalu
DRG4284,ERYTHROPOEITIN INJ 5000IU,15239.90,isalu
DRG1882,ERYTHROPOETIN 2000 UNIT INJ,13680.00,isalu
DRG4285,ERYTHROPOETIN 4000 UNIT INJ,13680.00,isalu
DRG1883,ERYTHROPOETIN-A 10000 UNIT INJ,25920.00,isalu
DRG4286,Esomaprazole (Torziam) 40mg 00,8422.92,isalu
DRG4287,ESOMEPRAZOLE 20MG CAPS,300.00,isalu
DIAG421,ESR (AUTOMATED)   -  [BLOOD],3724.38,isalu
DRG1889,ESSENTIAL FORTE CAP,201.60,isalu
DRG1890,ETHAMBUTOL 400MG TAB,57.60,isalu
DRG1891,ETOVIT CAPGEL 200MG,72.00,isalu
DIAG307,EUCR,9705.96,isalu
DRG1892,EURAX CREAM,2736.00,isalu
PCD902,EVACUATION OF IMPACTED FAECES,10000.00,isalu
DRG4294,EVADINE 200MG TAB,216.00,isalu
DRG1895,EVIOL VITAMIN E 100MG,199.21,isalu
DRG1896,EVITOL 100MG TAB,93.60,isalu
PCD161,EXAMINATION UNDER ANAESTHETIC,189000.00,isalu
PCD803,Exchange blood transfusion - Adults,88000.00,isalu
PCD802,Exchange blood transfusion - babies,30000.00,isalu
SUR0123,EXCISION BIOPSY,163200.00,isalu
PCD460,Excision bone tumour,215000.00,isalu
PCD436,Excision Of Exostosis - Deep Bone,533280.00,isalu
PCD137,EXCISION OF GANGLION,15390.00,isalu
PCD4125,Excision Of Intrascrotal Mass,443190.00,isalu
PCD108,Excision Of Thyroglossal Cyst Or Fistula,21120.00,isalu
PCD4129,EXCISIONAL BIOPSY(WITH HISTOLOGY),130000.00,isalu
DRG1902,"EXFORGE (AMLODIPINE/VALSARTAN)
5MG/25MG/1600MG TAB",1318.68,isalu
DRG1903,"EXFORGE (AMLODIPNE/VALSARTAN)
5MG/12.5MG/160MG TAB",1318.68,isalu
PCD70,EXPLORATORY LAPAROTOMY,872100.00,isalu
PCD27,EXTERNAL HAEMORRHOIDECTOMY,648000.00,isalu
DIAG712,EYE SWAB M/C/S,4243.54,isalu
DIAG713,"FAECES, ROUTINE EXAMINATION (BASIC) -  [STOOL]",1000.00,isalu
CONS088,FAMILY MEDICINE PHYSICIAN CONSULTATION,15000.00,isalu
CONS089,FAMILY MEDICINE PHYSICIAN REVIEW,12825.00,isalu
CLI0074,Family Planning (Injectibles),21600.00,isalu
DRG1913,FASIGYN 500MG TAB,403.92,isalu
DIAG247,FASTING BLOOD SUGAR -[PLASMA],2612.50,isalu
DIAG422,FBC/CBC (FULL BLOOD COUNT) BLOOD,4536.97,isalu
DRG1916,FEBO-G 40MG * 20 TABS (FEBUXOSTAT),273.24,isalu
DRG4303,Febuxostat (Febo-G) 80mg x20,1140.08,isalu
DRG4304,Feeding Tube,7200.00,isalu
DRG1917,FEFOL CAPSULES,108.00,isalu
DRG4305,FELDENE INJ 20MG,504.00,isalu
DRG1921,FELXICAM 20MG CAPS X10,124.74,isalu
DRG1923,FENOFIBRATE 160MG satchet,185.00,isalu
DRG4312,FEROSOFT IRON SUCROSE 5ML,720.00,isalu
MED0357,Ferrobin Plus Cap,100.80,isalu
DRG4311,FERROUS GLUCONATE 300MG,29.70,isalu
DRG1930,FERROUS SULPHATE 200MG TAB,17.48,isalu
DRG1933,FEXET 120MG PER SAT,626.10,isalu
DRG1934,FEXET 180MG PER SAT,1381.56,isalu
DRG4317,Fexofenadine 180mg,1827.86,isalu
DENT74,Fibroma Removal using Laser,281280.00,isalu
DRG1936,FINASTERIDE 5MG,70.00,isalu
DRG1937,FINSTAL 5MG,90.00,isalu
SUR0183,Fistulectomy,345600.00,isalu
DRG4320,FLEET ENEMA,3840.00,isalu
DRG1949,FLIXONASE NASAL SPRAY,3456.00,isalu
DRG1950,FLIXOTIDE ACCUHALER 100MCG,10080.00,isalu
DRG1951,FLIXOTIDE ACCUHALER 50MCG,6624.00,isalu
DRG1959,FLUCAMED EYE DROP,1440.00,isalu
MED0373,FLUCLOXACILLIN 250MG,115.20,isalu
DRG1962,FLUCONAZOLE 150mg,200.00,isalu
DRG1958,FLUCONAZOLE 200MG,200.00,isalu
DRG1730,FLUCONAZOLE 50MG,180.00,isalu
DRG4326,FLUCONAZOLE 50MG SYRUP,2744.28,isalu
DRG4330,FLUCONAZOLE EARDROP,3447.27,isalu
DRG4333,FLUCONAZOLE SUSPENSION,3465.26,isalu
DRG1963,FLUCORDAY TABS,261.36,isalu
DRG5007,FLUNIL,297.00,isalu
DRG1965,FLUOCINONIDE CREAM 35G,1368.00,isalu
DRG4336,FLUOROURACIL 250MG,1420.00,isalu
DRG1966,FLUOXETINE 20MG CAPS,276.04,isalu
DRG4337,FLUPHENAZINE 25MG INJ,565.82,isalu
DRG2157,FLURBIPROFEN EYE DROP,1638.30,isalu
DRG1261,FLUTICASONE FUROATE 27.5 NASAL SPRAY,6624.26,isalu
DRG1967,FOLIC ACID 5MG,18.40,isalu
DRG1969,FOLIC ACID SYRUP,1911.22,isalu
OPT174,FOREIGN BODY REMOVAL,37800.00,isalu
PCD172,"FOREIGN BODY REMOVAL-EAR, NOSE, THROAT",396000.00,isalu
PCD173,"Foreign Body Removal-EAR, NOSE, THROAT- MAJOR",37800.00,isalu
DRG1973,FORTUM 1G INJ,5472.00,isalu
DRG1975,FORXIGA 10MG TABS *28,3708.10,isalu
DRG1976,FRANOL TAB,47.52,isalu
DIAG564,FREE T3  FREE T4  TSH,16883.86,isalu
DIAG565,FREE T4 (FREE THYROXINE) -  [SERUM],17772.48,isalu
PCD674,FRENECTOMY,102600.00,isalu
MED0263,Frusemide (Lasix) Susp Compounded,1296.00,isalu
DRG1977,FRUSEMIDE 20MG INJ,300.00,isalu
DIAG566,FSH - FOLLICLE STIMULATING HORMONE -  [SERUM],16883.86,isalu
BIO0002,FULL INFERTILITY WORKUP,48016.50,isalu
DRG1984,FUNGUSOL LOTION,873.18,isalu
DRG1986,FUNGUSOL POWDER,981.07,isalu
DRG1988,FUROSEMIDE 40MG,62.09,isalu
DRG1992,FYBOGEL GRANULES,144.00,isalu
DIAG641,G6PD -Qualitative -  [Blood],34214.40,isalu
DRG4346,GABAPENTIN 100MG TAB,118.80,isalu
DRG1010,GABAPENTIN 300MG,112.86,isalu
DRG1999,GALVUS MET 850/50MG,374.40,isalu
DIAG249,Gamma GT (GGTP) -  [Serum],11880.00,isalu
DIAG391,Gamma Interferon for TB (Quantiferon TB Gold) -  [Blood],71876.00,isalu
PCD66,Gastrectomy - Partial,681600.00,isalu
PCD94,Gastric Lavage,48600.00,isalu
CONS017,GASTROENTEROLOGY CONSULTATION,28215.00,isalu
CONS018,GASTROENTEROLOGY FOLLOW UP,23085.00,isalu
PCD4145,Gastroenterostomy,27840.00,isalu
PCD90,Gastroscopy,153900.00,isalu
DIAG573,Gbagada D-Dimer test,20111.00,isalu
ADM03,GENERAL ROOM,10560.00,isalu
FEED03,GENERAL ROOM  FEEDING,7200.00,isalu
CONS019,GENERAL SURGEON CONSULTATION,23750.00,isalu
CONS020,GENERAL SURGEON FOLLOW UP,13500.00,isalu
DIAG773,GENOTYPE SCREENING,3135.00,isalu
DRG2009,GENTAMYCIN 80MG INJ,701.04,isalu
DRG2011,GENTAMYCIN CREAM,1009.80,isalu
DRG2012,GENTAMYCIN EAR/EYE DROP,920.00,isalu
DRG2013,GENTAMYCIN SKIN OINMENT,991.98,isalu
DRG2014,GENTIAL VIOLET,288.00,isalu
DRG2015,Gentian Violet Paint MOKO,165.00,isalu
DRG2021,GESTONE 100MG INJ,4176.00,isalu
DRG2022,GESTONE 50MG INJ,2088.00,isalu
DRG2034,GETZOME INSTA 40MG SACHETS,285.12,isalu
DRG4350,GINKGO BILOBA CAPS,100.98,isalu
DRG2038,GIVING SET,249.48,isalu
DRG1673,GLIBENCLAMIDE 5MG,93.72,isalu
DRG1714,GLICLAZIDE 30MG TAB,466.37,isalu
DRG1712,GLICLAZIDE 60MG,812.71,isalu
DRG1713,GLICLAZIDE 80MG,151.20,isalu
DRG1078,GLIMEPIRIDE 2MG TAB,250.00,isalu
DRG2024,GLIMEPIRIDE 4MG,350.00,isalu
DRG2040,GLUCOBAY 100MG,172.80,isalu
DRG2041,GLUCOBAY 50MG,119.52,isalu
DIAG253,Glucose (CSF),2600.00,isalu
DIAG153,GLUCOSE / SUGAR MONITORING AND MANAGEMENT,700.00,isalu
MED0219,GLUCOSE  INTRAVENOUS INFUSION 7. 10%,750.00,isalu
DRG2051,GLUCOVANCE 500MG/2.5MG,144.00,isalu
DRG2052,GLUCOVANCE 500MG/5MG,158.40,isalu
DRG2054,GLYBENCLAMIDE (OTHER BRANDS) 5MG TAB,64.80,isalu
DRG2055,GLYCERINE TRINITRATE 5MG TAB,257.62,isalu
CONS021,GP CONSULTATION,3591.00,isalu
CONS022,GP REVIEW \FOLLOW UP,2000.00,isalu
DIAG721,Gram`s  staining -  [Any Sample],2000.00,isalu
DRG2063,GRIPE WATER SYRUP SMALL,935.00,isalu
DRG2061,GRISEOFLUVIN 500MG TAB,120.00,isalu
DRG1979,GRISEOFULVIN 125MG TAB,57.60,isalu
DRG4357,GRISEOFULVIN SYR 125MG 5ML,1600.00,isalu
DRG2067,GSUNATE 100MG TAB,125.28,isalu
DRG2070,GVITHER SYRUP,225.00,isalu
CONS023,GYNAECOLOGY AND OBSTETRICS CONSULTATION,23085.00,isalu
CONS024,GYNAECOLOGY AND OBSTETRICS FOLLOW UP,13500.00,isalu
DRG2072,GYNO-BETNOSIL CREAM,907.20,isalu
DRG2073,GYNO-BETNOSIL TAB,374.40,isalu
DRG4359,Gynocare Vaginal Ovules x6,1044.59,isalu
DRG2074,GYNODACTARIN VAGINAL TAB 200MG,1296.00,isalu
DRG2075,GYNODACTARIN VAGINAL TAB 400MG,1440.00,isalu
DRG2076,GYNO-DAKTARIN VAGINAL CREAM40G,7044.84,isalu
DRG2078,GYNOTROSYD 100MG OVULE,1144.80,isalu
DRG2079,GYNOTROSYD 300MG OVULE,1368.00,isalu
DENT80,Habit Breaking Appliance (Removable) - Type 1,0.00,isalu
DRG2080,HAEMACEL INFUSION,28512.00,isalu
CONS025,HAEMATOLOGIST CONSULTATION,28215.00,isalu
CONS026,Haematologist Follow Up,23085.00,isalu
DIAG425,HAEMOGLOBIN -  [BLOOD],550.00,isalu
PCD28,HAEMORRHOIDECTOMY INCLUDING SIGMOIDOSCOPY,508800.00,isalu
DRG2081,HALF STRENGTH DARROWS,1662.32,isalu
DRG2082,HALFAN 100MG/5ML SUSP,2160.00,isalu
DRG2083,HALFAN 250MG TAB,840.00,isalu
DRG2086,HALOPERIDOL 5MG TAB,202.42,isalu
DRG4364,HALOPERIDOL INJ 5MG ML,1425.60,isalu
DENT81,Hawley s appliance (upper and lower),950000.00,isalu
DENT82,Hawley s appliance (upper or lower),650000.00,isalu
DIAG259,HBA1C- GLYCATED HAEMOGLOBIN -  [BLOOD],14000.00,isalu
DIAG1675,"HBSAG, SCREENING -  [SERUM]",3850.00,isalu
DIAG632,HBV ANTI HBCAG TOTAL CORE ANTIGEN,23522.40,isalu
DIAG1227,HCV-IGM ANTIBODY -  [SERUM],3742.20,isalu
DIAG1229,HCV-RNA QUANTIFICATION (VIRAL LOAD) -  [PLASMA OR SERUM],158538.60,isalu
DRG2091,HEALER SUPPOSITORY,266.40,isalu
DIAG1678,HELICOBACTER PYLORI (RAPID TEST) -  [SERUM],7843.77,isalu
DIAG722,HELICOBACTER PYLORI -[STOOL],16883.86,isalu
DRG2095,"HEPARIN INJ 50,000 IU",8090.28,isalu
DRG4376,HEPATITIS A VACCINE,8910.00,isalu
DIAG1679,HEPATITIS A VIRUS (HAV) SCREENING  [QUALITATIVE - SERUM],14000.00,isalu
DRG2096,HEPATITIS B IMMUNOGLOBULIN 180IU,124146.00,isalu
DRG2097,HEPATITIS B IMMUNOGLOBULIN 200IU,0.00,isalu
DRG4369,HEPATITIS B VACCINE,3773.00,isalu
DRG2098,HEPATITIS VACCINE,2343.75,isalu
SUR0126,HERNIORRHAPHY - OBSTRUCTED,513000.00,isalu
SUR0129,HERNIORRHAPHY WITH MESH REPAIR,810000.00,isalu
SUR0130,HERNIOTOMY (PAED),125000.00,isalu
DRG4377,Hexaxim Vaccine,44967.92,isalu
DRG4378,Hexedene 1% Mouthwash,997.92,isalu
PCD99,HIATUS HERNIA REPAIR,540000.00,isalu
DRG2099,HIB VACCINE,4687.50,isalu
DIAG723,HIGH VAGINAL SWAB (HVS) M/C/S,4466.88,isalu
DRG2100,HISTAC (RANITIDINE) 150MG TAB,165.60,isalu
DRG2101,HISTAC (RANITIDINE) 300MG TAB,208.80,isalu
DIAG487,Histology,31544.37,isalu
DIAG488,Histology for Colposcopy and Endometrial Biopsy  (In house sample),132480.00,isalu
DIAG1682,HIV 1 AND 2 SCREENING (SERUM),2500.00,isalu
BIO0001,HORMONAL PROFILE,47626.92,isalu
DIAG1894,HSG (PROCEDURE) HYSTEROSALPINGOGRAM,40629.60,isalu
DIAG395,HSV 1 AND 2 IGG ANTIBODIES TO HERPES SIMPLEX VIRUS 1 AND 2 -  [SERUM],55000.00,isalu
DIAG396,HSV 1 AND 2 IGM ANTIBODIES TO HERPES SIMPLEX VIRUS 1 AND2 -  [SERUM],63800.00,isalu
DRG2107,HUMALOG (PENFIL),5184.00,isalu
DRG2109,HUMALOG MIX 25 (PENFIL),4752.00,isalu
DRG4388,HUMAN PAPILLOMA VIRUS VACCINE,12960.00,isalu
CLI0099,HUMAN PAPILLOMAVIRUS (HPV)- IGG ANTIBODIES,73656.00,isalu
DRG2110,HUMULIN 70/30 100IU/ML PENFIL,15840.00,isalu
DRG2111,HUMULIN 70/30 100ML,7344.00,isalu
DRG2112,HUMULIN 70/30 4ML,3600.00,isalu
DRG2113,HYCOMYCIN EYE DROP,1440.00,isalu
DRG1174,HYDRALAZINE 20MG INJ,5520.65,isalu
DRG4395,,2370.06,isalu
DRG1175,HYDRALAZINE 25MG TAB,79.20,isalu
PCD235,Hydrocele Repair - Unilateral,242000.00,isalu
PCD32,Hydrocelectomy,810000.00,isalu
DRG2116,HYDROCHLOROTHIAZIDE 25MG,57.60,isalu
DRG4399,HYDROCHLORTHIAZIDE 50MG,184.01,isalu
DRG2118,HYDROCODEINE 30MG TAB,36.00,isalu
PCD39,HYDROCOELECTOMY,100000.00,isalu
DRG2119,HYDROCORTISONE 100MG INJ,611.82,isalu
DRG4400,HYDROCORTISONE 15MG TAB,564.30,isalu
DRG1708,HYDROCORTISONE CREAM,1800.00,isalu
PCD263,Hydrotubation,30000.00,isalu
DRG4405,HYDROXOCOBALAMINE INJ 1000IU,4740.12,isalu
DRG5006,HYDROXY UREA 100MG,147.22,isalu
DRG2121,HYDROXY UREA 250MG,258.98,isalu
DRG2122,HYDROXY UREA 500MG,390.00,isalu
DRG2123,HYDROXYCHLOROQUINE 200MG TABS,95.00,isalu
DRG1793,HYOSCINE BUTYL BROMIDE 10MG,135.19,isalu
MED0087,HYOSCINE BUTYL BROMIDE 10MG INJECTION,644.96,isalu
DRG1406,HYOSCINE BUTYL BROMIDE SYRUP,1963.20,isalu
DRG1405,HYOSCINE BUTYL-BROMIDE 20MG INJECTION,142.30,isalu
OPT88,Hypomer Gel,12960.00,isalu
PCD796,Hypospadias Repair,828960.00,isalu
DRG2126,HYPOVASE 1MG TAB,360.00,isalu
DIAG179,Hysteroscopy,15000.00,isalu
SUR0132,HYSTEROTOMY,1680000.00,isalu
DRG2130,IBUCAP FORTE TABLETS,890.00,isalu
DRG4414,IBUPROFEN 100MG 5ML SUSP,1100.00,isalu
DRG2131,IBUPROFEN 200MG TAB,179.41,isalu
DRG2132,IBUPROFEN 400MG,70.00,isalu
DIAG1301,IgA  -  [Serum],28084.00,isalu
DIAG584,IgE -  [Serum],19000.00,isalu
DIAG1307,IgG -  [Serum],10500.00,isalu
DIAG1310,IgM -  [EDTA  Blood],10000.00,isalu
DIAG1311,IgM -  [serum],32011.00,isalu
DRG2133,IMMUNACE CAPSULES,201.60,isalu
DRG2136,Immun-Activ Vit c,35.00,isalu
PCD301,IMPLANON INSERTION,28215.00,isalu
PCD302,IMPLANON REMOVAL,28574.82,isalu
PCD4168,In growing  Nail (Excision),25000.00,isalu
DRG4446,INACTIVATED POLIO VACCINE,550.00,isalu
MED0118,inactivated poliovirus (IPV),3773.00,isalu
SUR0164,INCISION AND DRAINAGE,35910.00,isalu
PCD903,INCUBATOR CARE,108000.00,isalu
DRG2437,INDAPAMIDE 1.5MG,170.00,isalu
DRG2138,INDAPAMIDE TABS 2.5MG,374.22,isalu
DRG2139,INDERAL 40MG TAB,64.80,isalu
Pro0010,INDIRECT OPTHALMOSCOPY,5130.00,isalu
DRG2140,INDOMETHACINE CAP,28.80,isalu
PCD272,Induction of Labour  Normal delivery,11040.00,isalu
DRG2141,INFACOL SYRUP,2520.00,isalu
DIAG1320,Inhibin A CLIA  - [Serum],25.00,isalu
DIAG1321,Inhibin B EIA - [Serum],5000.00,isalu
DRG4428,INJ METHYLPREDNISOLONE 40MG/ML,22082.62,isalu
DRG4429,INJ RABEPRAZOLE 20MG,3709.80,isalu
BIO0003,INR INVESTIGATION,24948.00,isalu
PCD299,INSERTION OF IUCD,20520.00,isalu
DRG4430,INSTACLOP 75 MG TAB,144.00,isalu
DRG4431,Insulatard Hm 100IU/ML 10 ML (Vial),5472.00,isalu
DRG2385,INSULIN 100IU/ML,1440.00,isalu
DRG3320,INSULIN 40IU/ML,2880.00,isalu
DRG2211,INSULIN GLARGINE,34919.52,isalu
DRG4433,INSULIN GLARGINE LANTUS,28600.00,isalu
DRG2142,INSULIN LENTE INJ 100IU/ML 10MLS,16073.64,isalu
DRG2537,INSULIN PEN NEEDLES,330.00,isalu
DIAG589,"INSULIN, FASTING -  [SERUM]",10121.20,isalu
DRG5005,INSULINSYRINGE,99.61,isalu
DIAG1323,Intact Parathyroid Hormone PTH -  [Serum / EDTA Plasma],69793.50,isalu
DRG2144,INTERFLOX CAP 500MG,204.48,isalu
CONS027,INTERNAL MEDICINE PHYSICIAN CONSULTATION,20000.00,isalu
CONS028,INTERNAL MEDICINE PHYSICIAN REVIEW,10000.00,isalu
PCD6003,INTRA ARTICULAR INJECTION,19440.00,isalu
CLI0069,INTRALESIONAL INJECTION,37800.00,isalu
DIAG261,IONISED CALCIUM -  [SERUM],14493.60,isalu
DRG4443,IPRATROPIUM 250MCG NEBULES,952.49,isalu
DRG4444,IPRATROPIUM 500MCG NEBULES,1333.49,isalu
DRG4445,IPRATROPIUM INHALER,2227.50,isalu
DRG1180,IRBESARTAN 150mg,451.44,isalu
DRG1181,IRBESARTAN 300mg,1244.44,isalu
PCD342,Iridectomy Or Iridotomy,177600.00,isalu
DIAG263,"Iron -  [Urine, 24 hours]",20000.00,isalu
DRG2145,IRON DEXTRAN 2ML,360.00,isalu
DIAG265,"IRON STUDIES (SERUM IRON, TIBC, TRANSFERRIN SATURATION) - [SERUM]",20000.00,isalu
DIAG1790,Iron sucrose injection,7912.08,isalu
DRG2146,ISONIAZID 300MG TAB,43.20,isalu
DRG2147,ISONIAZID SYRUP 120MLS,1123.20,isalu
MED0183,ISOPLASMA,28512.00,isalu
DRG4451,ISOPLASMA INF,28512.00,isalu
DRG2148,ISOPTOCARPINE 4% EYE DROP,2664.00,isalu
DRG2149,ISOSORBIDE DINITRATE 10MG,50.40,isalu
DRG2150,ISOSORBIDE DINITRATE 5MG TABS,36.00,isalu
DRG2151,ITRACONAZOLE 10MG SUSPENSION,630.93,isalu
DRG2152,ITRANOX 100MG TAB,316.80,isalu
DRG2334,IVERMECTIN 3MG TAB,26.87,isalu
OPT96,Ivy Flur Eye drop,2138.40,isalu
DRG2159,IVYSINE EYE DROP 10ML,1080.00,isalu
DRG2160,IVYSOLONE EYE DROP,1152.00,isalu
DRG2161,IVYTIMOL EYE DROP,1152.00,isalu
DRG2164,IVYZINC EYEDROP,1152.00,isalu
DRG2165,IVYZOXAN EYE/EAR DROP 5ML,1267.20,isalu
SUR0133,JOINT ASPIRATION,32400.00,isalu
DRG2178,JOLTAN PLUS 160/25MG * 30,560.00,isalu
DRG2382,KAOLIN SUSPENSION,907.20,isalu
DRG2182,KCL INJ.,240.00,isalu
PCD4182,Keloid Excision (Major),25000.00,isalu
DRG4472,KENACOMB CREAM,2732.40,isalu
DRG2185,KENAZOL 200MG X100 (SACHETS),1140.48,isalu
DRG2186,Keppra 250mg X6,262.89,isalu
DRG2187,Keppra 500mg X6,350.46,isalu
DRG4474,KETAMINE INJ 50MG ML,7970.23,isalu
DRG2189,KETOCONAZOLE 200MG TAB,106.18,isalu
MED0388,Ketoconazole Cream,4680.72,isalu
DRG2191,KETOCONAZOLE CREAM,1985.50,isalu
DRG2515,KETOCONAZOLE SHAMPOO,7004.84,isalu
DRG4479,KETOTIFEN 1MG TAB,1474.70,isalu
DRG3274,KETOTIFEN EYE DROP,3672.00,isalu
DRG3275,KETOTIFEN SYRUP 100MLS,4608.00,isalu
DRG2193,KETOVAIL 200mg x 14 pck,100.80,isalu
DRG4484,KNEE BRACE,13920.00,isalu
PCD4185,Knee Effusion Taps,23520.00,isalu
DRG4485,KNEE SLEEVE,7700.00,isalu
DRG4486,KNEE SUPPORT LARGE,22382.98,isalu
DRG2198,KUNIMED ACTIVATED CHARCOAL,2380.13,isalu
DRG2201,K-Y JELLY 42G,900.00,isalu
DRG2203,LABETALOL 100MG,800.00,isalu
DRG2202,LABETALOL 200MG,200.00,isalu
DRG4490,LABETALOL HCL 50MG INJECTION,1200.00,isalu
PCD312,Lacrimal Intubation - Bilateral,274000.00,isalu
DRG2205,LACTULOSE SOLUTION,18802.48,isalu
DRG2206,LACTULOSE SOLUTION 500MLS,4032.00,isalu
DRG2209,LANOXIN-PG 50MCG ELIXIR 60ML,1296.00,isalu
DRG2212,LANZOPRAZOLE 30MG TAB,338.58,isalu
PCD97,Laparoscopic Cholecystectomy,668160.00,isalu
PCD286,Laparoscopic Myomectomy,1550000.00,isalu
DIAG180,Laparoscopy,150000.00,isalu
PCD296,LAPAROTOMY,297000.00,isalu
DRG2213,LAPDAP 15 TABLET (CHILDREN),115.20,isalu
DRG2214,LAPDAP 80TABLET (ADULT),152.64,isalu
MED0192,LARGACTIL  25MG/ML,1008.00,isalu
DRG4496,Largactil 100mg x60,20.00,isalu
DRG4497,LARGACTIL INJ 50MG 2ML,920.11,isalu
MED0193,LARGACTIL TAB,72.00,isalu
PCD178,Laryngoscopy - With Or Without Biopsy,20000.00,isalu
DRG2218,Latanoprost 0.005% Eye drop,6480.00,isalu
DRG3251,LATANOPROST EYE DROP,9360.00,isalu
DIAG1359,LDH Isoenzymes Gel electrophoresis - [Serum],8270.50,isalu
DIAG270,LDH-LACTATE DEHYDROGENASE  -  [SERUM],2744.28,isalu
DRG2224,LESCOL 20MG CAP,276.48,isalu
DRG2225,LESCOL 40MG CAP,403.20,isalu
DRG4502,LETROZOLE 2 5MG,414.05,isalu
DRG2194,LEVAMISOLE 40MG TAB,36.00,isalu
DRG2226,LEVAX 40MG TAB,57.60,isalu
MED0545,LEVEMIR FLEXPEN,28800.00,isalu
MED0594,Levetiracetam (Suvitra) 500mg,1104.84,isalu
DRG4977,LEVOCETIRIZINE 5MG,50.45,isalu
DRG4505,LEVOCETIRIZINE SYRUP,3989.89,isalu
MED0447,Levofem,1840.22,isalu
DRG2228,LEVOFLOXACIN 500MG TAB,150.00,isalu
DRG2227,LEVOFLOXACIN IV 500MG,1657.57,isalu
DRG2229,LEVOTHYROXINE 100MCG,180.00,isalu
DRG2230,LEVOTHYROXINE 25MG,86.40,isalu
DRG2231,Levothyroxine 50mg,179.18,isalu
DIAG591,LH-LUTEINIZING HORMONE -  [SERUM],16883.86,isalu
MED0046,LIDOCAINE 2%/50ML INJ,1009.80,isalu
DRG4508,LIDOCAINE GEL TUBE,3104.64,isalu
DRG4509,LIGNOCAIN 2 PRC (PLAIN) 20ML INJ.,3111.24,isalu
DRG4510,LIGNOCAINE 30GM CREAM,550.00,isalu
DRG4511,LINAGLIPTIN 5MG,700.00,isalu
DRG2240,LINCOMYCIN 500MG CAP,288.00,isalu
DIAG1387,Lipase - [Urine],10234.00,isalu
DIAG274,LIPASE LEVEL -  [SERUM],2500.00,isalu
DIAG275,"LIPID PROFILE = TOTAL CHOLESTEROL, HDL,LDL,VLDL, TRIGLYCERIDES",12809.61,isalu
DRG2243,LIPITOR 40MG x30,576.00,isalu
SUR0161,LIPOMA EXCISION,30000.00,isalu
DRG2248,LIQUID PARAFFIN,1000.00,isalu
DRG2250,LISINOPRIL 10MG TAB,73.60,isalu
DRG2252,LISINOPRIL 20MG,93.60,isalu
DRG2254,LISINOPRIL 5MG TAB,64.84,isalu
DIAG278,LIVER FUNCTION TESTS,15000.00,isalu
MED0194,LIVOLIN CAPS,136.80,isalu
DRG2259,LIVOLIN FORTE,460.14,isalu
DRG2260,LOCASALENE CREAM 30G,2520.00,isalu
DRG2262,LO-FEMINAL TAB,72.00,isalu
DRG2271,LOMIR 2.5MG TAB,180.00,isalu
DRG1716,LOPERAMIDE HYDROCHLORIDE 2MG,140.00,isalu
DRG4518,LOPERAMIDE HYDROCHLORIDE 4MG,135.19,isalu
MED0082,LOPERAMIDE IMODIUM SYRUP,1500.00,isalu
DRG2278,LORATIDINE 10MG TAB,36.80,isalu
DRG2277,LORATIDINE SYRUP,1440.00,isalu
DRG2282,LORAZEPAM 2MG TAB,259.20,isalu
DRG2289,LOSARTAN 100MG,150.00,isalu
DRG2283,LOSARTAN 25MG TAB,70.00,isalu
DRG2284,LOSARTAN 50MG,70.00,isalu
DRG2301,LOSARTAN/HYDROCHLOROTHIAZIDE 50MG/12.5MG,122.00,isalu
DRG2292,LOSATRUST TABS 25MG * 10,80.00,isalu
DRG2293,LOSEC MUPS 20MG,155.52,isalu
DRG1693,LOZENGES,250.00,isalu
DRG4526,LUMBAR JACKET/SUPPORT/CORSET,11476.08,isalu
PCD790,LUMBAR PUNCTURE,15000.00,isalu
DIAG1900,LUMBAR SPINE LEFT OBLIQUE,7700.00,isalu
PCD5,LUMPECTOMY - UNSPECIFIED,144000.00,isalu
PCD4,LUMPECTOMY -BREAST,213840.00,isalu
DRG2306,lycofer syrup,1152.00,isalu
DRG2314,MAALOX SATCHET,1690.00,isalu
DIAG279,MAGNESIUM -  [SERUM],16500.00,isalu
DRG2315,MAGNESIUM SULPHATE INJECTION,2622.31,isalu
OPT179,Major  (Theatre Fee),50000.00,isalu
DIAG435,MALARIAL PARASITE THICK  AND THIN FILMS -  [BLOOD],2612.50,isalu
DRG2318,MANIX CAPSULES,374.22,isalu
DRG2319,MANNITOL 10% INFUSION,2988.22,isalu
MED0028,MANNITOL 20% INFUSION,1700.00,isalu
DIAG726,MANTOUX TEST (TUBERCULIN SKIN TEST)  -  [SKIN TEST],9931.68,isalu
SUR0160,MANUAL REMOVAL OF PLACENTA,37920.00,isalu
DRG2320,MARAX TAB,136.80,isalu
PCD244,MARSUPIALISATION,189000.00,isalu
CONS029,Maxillofacial Surgeon Review,24480.00,isalu
PCD680,Maxillofacial Surgery,13344.00,isalu
CONS030,Maxilloficial Surgeon Consultation,46170.00,isalu
DRG2325,Maxiquine syrup,1470.00,isalu
DIAG161,MAXOLONE / ANTI-VOMITING,576.00,isalu
DRG2331,MEASLES VACCINE,3773.00,isalu
PCD182,Meatoplasty,417120.00,isalu
DRG1615,MEBENDAZOLE 125MG TAB,705.16,isalu
DRG4533,MEBENDAZOLE 500MG,239.33,isalu
DRG1616,MEBENDAZOLE SYRUP,748.00,isalu
DRG2332,MEBEVERINE 135MG TAB,270.72,isalu
DRG4534,MEBO CREAM,1705.00,isalu
DRG2338,MEDICA LOZENGES LEMON,70.00,isalu
DIAG017,Medical Report and Counselling / Physicals,5280.00,isalu
DRG2346,MEDITROL 0.25mcg x30,460.10,isalu
DRG1690,MEDROXYPROGESTERONE ACETATE 150MG INJ,504.00,isalu
DRG2347,MEFENAMIC ACID 250MG TAB,72.00,isalu
DRG4539,MELADIMINE TAB 10MG,1695.00,isalu
DRG4544,MELOXICAM 15MG,261.36,isalu
DRG4549,MENCEVAX ACWY VACCINE,10450.00,isalu
DRG4550,MENINGOCOCCAL VACCINE,3773.00,isalu
PCD707,Menisectomy Temporomandibular Joint,403200.00,isalu
DRG4552,MENOGON 75IU INJ,1108.80,isalu
DRG2354,MEPIRYL 2 mg,129.60,isalu
DRG2356,MEPISAN CREAM 20G,997.92,isalu
DRG2358,MEROPENEM,17482.07,isalu
DRG5002,MEROPENEM 500MG INJ/VIAL(BRANDED),28996.68,isalu
DRG4560,MESPORIN INJ,2750.00,isalu
DRG2359,METAKELFIN TAB,328.32,isalu
DRG2533,Metamizole 500mg,510.84,isalu
DRG2360,METAPRIM CAP 20MG,50.40,isalu
DRG2042,METFORMIN 1000MG,210.45,isalu
MED0200,METFORMIN 1000MG GLIMEPIRIDE 1MG,180.00,isalu
DRG1711,METFORMIN 500MG,86.07,isalu
DRG2044,METFORMIN 850MG,108.00,isalu
DRG2388,METHADONE,604.80,isalu
DRG4762,METHOCARBAMOL 500MG TABS,90.00,isalu
DRG2363,METHOTREXATE 2.5MG TABS,3841.99,isalu
DRG4565,METHOTREXATE INJ 50MG,2619.54,isalu
DRG1063,METHYLDOPA 250MG,224.40,isalu
DRG2366,METOCHLOPRAMIDE  HYDROCHLORIDE 10MG INJECTION,735.71,isalu
DRG2330,METOCHLOPRAMIDE 10MG TAB,25.61,isalu
DRG2365,METOCHLOPRAMIDE 5MG INJ,525.78,isalu
DRG4569,METOLAZONE 5MG TABS,460.06,isalu
DRG2367,Metoprolol 50mg,157.79,isalu
DRG2368,METRONIDAZOLE 200MG TAB,36.00,isalu
DRG2369,METRONIDAZOLE 200MG/5MLS SYRUP,1800.00,isalu
DRG2370,METRONIDAZOLE 400MG TAB,100.00,isalu
DRG2371,METRONIDAZOLE 500 MG/100 ML INFUSION,748.00,isalu
DIAG282,"MICROALBUMIN -  [URINE, SPOT]",22000.00,isalu
DIAG728,MICROFILARIA DETECTION -  [BLOOD],9536.67,isalu
DIAG730,MICROSCOPY/ CULTURE AND SENSITIVITY FOR AEROBIC/ ANAEROBIC BACTERIA [ANY SAMPLE],13000.00,isalu
DRG4576,Mifepak 200mcg/200mg x5,8607.06,isalu
DRG2380,MINIPRESS TAB,100.80,isalu
OPT177,Minor (Theatre Fee),10000.00,isalu
INP0029,minor dressing pack,1000.00,isalu
DRG1661,MISOPROSTOL 200MCG TABLET,350.00,isalu
DRG2387,MMR VACCINE,11016.00,isalu
MED0116,MMR/CHICKEN POX (PRIOX TETRA),7711.20,isalu
DRG2389,MODECATE 25MG INJ,813.78,isalu
DRG2394,MOKO GLYCERINE MOUTHWASH,825.00,isalu
DRG2398,MOKO METHYLATED SPIRIT,1180.00,isalu
DRG4585,MONOTARD INSULIN HM 100 IU/ML,17784.36,isalu
MED0083,MONTELUKAST 10MG,654.65,isalu
DRG2405,MONTELUKAST 5MG,305.34,isalu
DRG2407,Montiget 4mg X14,110.00,isalu
DRG4587,MORPHINE 10MG/ML INJ,3300.00,isalu
DRG2410,MOSEGOR 0.5MG TAB,172.80,isalu
DRG4595,MOXILFOXACIN 400MG TABS AVELON,720.00,isalu
DIAG1728,MRI BRAIN,121888.80,isalu
DIAG1736,MRI CERVICAL SPINE,6240.00,isalu
DIAG1743,MRI Fore Arm,25000.00,isalu
DIAG1746,MRI KNEE,4656.00,isalu
DIAG1775,MRI Thoracic Spine,7008.00,isalu
DIAG1779,MRI Toe/Foot,4656.00,isalu
CLI0137,"MULTIPLE DELIVERY (TRIPLETS, QUADRUPLETS)",270000.00,isalu
PCD4218,Multiple Ligation Of Veins,21120.00,isalu
DRG1823,MULTIVITAMIN,15.00,isalu
DRG1008,MULTIVITAMIN SYRUP,800.00,isalu
DRG1821,MULTIVITE TAB,19.28,isalu
DRG1283,MUPIROCIN CREAM,6636.17,isalu
DRG2421,MYCOSTATIN CREAM 25MG,1584.00,isalu
MED0273,Mycostatin Drops,1603.80,isalu
DRG2422,MYCOSTATIN SYRUP,1728.00,isalu
DRG2424,MYCOTA POWDER,1680.00,isalu
DIAG1436,Myoglobin CLIA - [Serum],22096.80,isalu
PCD185,Myringoplasty - Transcanal,374400.00,isalu
DRG2432,NAPROXEN 250MG,154.44,isalu
DRG2433,NAPROXEN 500MG,64.80,isalu
PCD200,NASAL ENDOSCOPY,53280.00,isalu
PCD192,Nasal Polypectomy - Bilateral,55200.00,isalu
PCD4222,Nasal Sinus Surgery E.G Caldwell Luc,70000.00,isalu
DRG2461,NATURE'S FIELD ZINC 100MG * 100,128.07,isalu
DRG2464,NAXEN 250MG TAB,93.60,isalu
DRG2465,NAXEN 500MG TAB,108.00,isalu
MED0047,NEBIVOLOL 5MG,428.31,isalu
PCD798,NEBULISATION,3591.00,isalu
DRG2472,NEOMERCAZOLE 5MG TAB,90.72,isalu
DRG2473,NEOMYCIN POWDER,475.20,isalu
DRG2474,NEOPRESOL LOTION,1656.00,isalu
DRG4613,NEOSTIGMINE 2 5MG INJ,720.00,isalu
PCD202,Nephrectomy - Simple,1200000.00,isalu
CONS033,NEPHROLOGY CONSULTATION,28215.00,isalu
CONS034,NEPHROLOGY FOLLOW UP,23085.00,isalu
DRG2479,NEUROBION TAB,60.00,isalu
DRG4617,NEUROFEN SYRUP,2160.00,isalu
DRG2480,NEUROGESIC CREAM,480.00,isalu
CONS035,NEUROLOGIST CONSULTATION,28215.00,isalu
CONS036,NEUROLOGIST FOLLOW UP,23085.00,isalu
CONS037,NEUROSURGEON CONSULTATION,41040.00,isalu
CONS038,NEUROSURGEON FOLLOW UP,35910.00,isalu
DRG2484,NEUROVITE,354.26,isalu
DRG2487,NEVIRAPINE 200MG TAB,115.20,isalu
DRG2488,NEVIRAPINE SYRUP 240MLS,8208.00,isalu
DRG2494,NICOTINIC ACID TAB,110.42,isalu
DRG2498,NIFEDIPINE 20MG TAB,153.19,isalu
DRG4623,NIFEDIPINE 30MG TAB,70.00,isalu
DRG2501,NILIDE 100MG TABLET,79.20,isalu
DRG2502,NIMESULIDE 100MG TAB,112.32,isalu
DRG2503,NIMICA SYRUP,720.00,isalu
MED0428,Nimica tab 100mg,72.00,isalu
DRG5001,NIMODIPINE TAB,670.00,isalu
DRG2504,NIMULID SYRUP,1800.00,isalu
DRG2505,NIMULID TAB 100MG,138.24,isalu
DRG3005,NITRAZEPAM 5MG,126.90,isalu
DRG2508,NITROFURANTOIN 100MG TAB,96.00,isalu
DRG2509,NITROGLYCERINE LINGUAL,36.00,isalu
DRG2510,NIVAQUINE FORTE CAP,122.40,isalu
DRG2511,NIVAQUINE SYRUP,676.80,isalu
DRG2741,NORETHISTERONE 250MG INJ,6083.15,isalu
DRG2742,NORETHISTERONE 5MG,338.87,isalu
PCD274,Normal Delivery,60000.00,isalu
DRG2522,NORMAL SALINE,1500.00,isalu
DRG2529,NO-SPA INJ 40MG/AMP,1057.32,isalu
DRG2530,NO-SPA TAB,122.40,isalu
DRG2539,NOVORAPID FLEXPEN 100U/ML,20160.00,isalu
DRG4628,NOVOTWIST NEEDLES 32G TIP,368.04,isalu
ADM0003,Nursery Room/Accommodation,27360.00,isalu
OPT109,Nylol Gel,2376.00,isalu
DRG2548,NYOLOL OPTHALMIC GEL 0.1% 5G,3168.00,isalu
MED0206,"NYSTATIN 100,000IU 15G CREAM",100.80,isalu
DRG2549,NYSTATIN ORAL DROPS 30MLS,1440.00,isalu
DRG2550,OBRON 6-CAPSULES,92.16,isalu
OPH0033,Occullerg,1924.56,isalu
DIAG733,OCCULT BLOOD -  [STOOL],6270.00,isalu
DRG4634,OCTREOTIDE INJ,22078.98,isalu
DIAG1840,Ocular Ultrasound Scan,16822.08,isalu
DRG2555,OCUVITE CAPSULE,103.68,isalu
DRG2556,OCUVITE CAPSULE WITH LUTEIN,129.60,isalu
DRG2558,OFLOMED 200MG TABS,55.00,isalu
DRG2559,OFLOXACIN 200MG TAB,73.60,isalu
DRG2035,OFLOXACIN 400MG TAB,85.00,isalu
DRG2606,OFLOXACIN AND ORNIDAZOLE 100MG/500MG TAB,282.24,isalu
DRG2617,OFLOXACIN/BECLOMETASONE/CLOTRIMAZOLE EAR DROP,1792.93,isalu
OPT112,OINTMENT,2939.47,isalu
DRG2562,OLANZAPINE 10MG TAB,112.86,isalu
DRG2563,OLANZAPINE 5MG TAB,203.70,isalu
DRG2568,OLFEN 75mg TAB,720.00,isalu
DRG2570,Oligocare,112.86,isalu
DRG2574,OMEGA H3 CAP,6112.26,isalu
DRG2575,OMEGA-H3 Blue per sach,249.48,isalu
DRG2576,OMEGA-H3 LIQUID,110.00,isalu
DRG2580,OMEPRAZOLE 20MG INJECTION,2097.85,isalu
DRG2357,OMEPRAZOLE 20MG TAB,82.80,isalu
DRG2029,OMEPRAZOLE 40MG TAB,155.00,isalu
CONS075,ONCOLOGY(1STVISIT),47500.00,isalu
CONS076,ONCOLOGY(FOLLOWUP),25000.00,isalu
MED0101,ONDANSETRON 4MG INJECTION,1840.22,isalu
MED0332,ONDANSETRON Tab,1108.80,isalu
DRG4951,ONDANSETRON TAB 4MG,276.04,isalu
DRG4643,ONDASENTRON INJ 8MG 4ML,1100.00,isalu
DRG5000,ONGLYZA 5MG/TAB,582.12,isalu
PCD41,OPEN APPENDICECTOMY,461700.00,isalu
PCD289,Open Oophorectomy - Bilateral,491040.00,isalu
PCD291,OPEN OVARIAN CYSTECTOMY - BILATERAL,418560.00,isalu
PCD290,OPEN OVARIAN CYSTECTOMY - UNILATERAL,624000.00,isalu
PCD293,Open Salpingectomy - Unilateral,150000.00,isalu
CONS039,OPTHALMOLOGIST CONSULTION,5000.00,isalu
CONS040,OPTHALMOLOGIST REVIEW,2500.00,isalu
OPT168,OPTOMETRIST CONSULTATION,15390.00,isalu
OPT170,OPTOMETRIST FOLLOW UP/ REVIEW,2500.00,isalu
DRG2592,OPTREX EYE DROPS,3312.00,isalu
DRG4647,OPV IMMUNIZATION,3773.00,isalu
DRG1621,ORAL CONTRACEPTIVES,1224.00,isalu
DIAG256,ORAL GLUCOSE TOLERANCE TEST,7674.48,isalu
DRG1829,ORAL REHYDRATION SALTS,200.00,isalu
DRG2594,ORAQUICK HIV SELF-TEST,4062.96,isalu
PCD232,ORCHIDOPEXY - BILATERAL,473088.00,isalu
PCD231,ORCHIDOPEXY - UNILATERAL,648000.00,isalu
DRG2604,ORGANIC HEALTH ZINC 100MG X60,200.00,isalu
PCD4234,ORIF WITH IMPLANT ORIF WITH IMPLANT /OPEN REDUCTION AND INTERNAL FIXATION,32400.00,isalu
DRG4652,OROFER SYRUP,935.00,isalu
DRG2519,ORPHENADRINE + PARACETAMOL,55.00,isalu
BRG2519,ORPHENADRINE + PARACETAMOL  (BRANDED),71.28,isalu
DRG2517,ORPHENADRINE 100MG,57.60,isalu
DRG2518,ORPHENADRINE/ASPIRIN/CAFFEINE,135.19,isalu
DENT97,Orthodontic Treatment - I,12000.00,isalu
DENT98,Orthodontic Treatment - II,50000.00,isalu
DENT99,Orthodontic Treatment - III,20000.00,isalu
CONS043,ORTHOPAEDIC CONSULTATION,23085.00,isalu
CONS044,ORTHOPAEDIC FOLLOW UP,13500.00,isalu
MED0433,Oruvail cap 200mg,250.56,isalu
DRG2611,ORVET TAB,43.20,isalu
DRG4654,Ova care x30,1799.82,isalu
DRG2622,Ovacare,495.00,isalu
PCD4235,Ovarectomy/ovarian cysts,76800.00,isalu
DRG4656,OXYBUTYNIN 5MG TABS,92.02,isalu
PCD904,OXYGEN THERAPY,8000.00,isalu
DRG4976,OXYMETHAZOLINE NASAL DROPS 10MLS 1 BOT,770.00,isalu
DRG2624,OXYTOCIN INJ 10 UNIT,1000.00,isalu
CONS077,PAEDIATIC AND DEVELOPMENTAL NEUROLOGY(FOLLOWUP),20825.00,isalu
CONS078,PAEDIATRIC AND DEVELOPMENTAL NEUROLOGY(1STVISIT),26775.00,isalu
CONS079,PAEDIATRIC CARDIOLOGY(1STVISIT),26775.00,isalu
CONS080,PAEDIATRIC CARDIOLOGY(FOLLOWUP),20825.00,isalu
CONS045,PAEDIATRIC SURGEON CONSULTATION,28215.00,isalu
CONS046,Paediatric Surgeon Review,23085.00,isalu
CONS047,PAEDIATRICIAN CONSULTATION,24300.00,isalu
CONS048,PAEDIATRICIAN FOLLOW UP,13500.00,isalu
PCD80,"Pancreas - Total Excision Of, Or Pancreatico-Duodenectomy",369600.00,isalu
DRG2640,PANFOR SR 500mg,144.00,isalu
DIAG517,PAP SMEARS PROCEDURE -  [PAP SMEAR],36679.50,isalu
DRG4671,PARACETAMOL 125MG SUPPOSITORY,302.94,isalu
DRG2312,PARACETAMOL 125MG SYRUP,979.36,isalu
DRG4668,PARACETAMOL 150MG SUPPOSITORY,200.00,isalu
DRG1160,PARACETAMOL 450MG/ ORPHENADRINE 35MG,90.00,isalu
DRG2641,PARACETAMOL 500MG,40.00,isalu
DRG4672,PARACETAMOL DROP,1462.17,isalu
MED0571,PARACETAMOL INFUSION,1995.00,isalu
DRG2642,PARACETAMOL INJ 150MG/ML,261.36,isalu
DRG2644,PARALDEHYDE INJ,388.80,isalu
DRG2646,Parlodel 2.5mg bromokritin,1026.29,isalu
DRG2647,PARLODEL TABLET,216.00,isalu
PCD10,Partial Mastectomy Bilateral,712800.00,isalu
PCD499,Patella Arthroplasty,552000.00,isalu
DIAG1809,PCD (Obstetrics),6500.00,isalu
DIAG1811,PCD Both Eyes,30940.00,isalu
DIAG1812,PCD Carotids,42768.00,isalu
DIAG1813,PCD Lower Extremity Arterial Study (Both Limbs),23900.00,isalu
DIAG1814,PCD Lower Extremity Arterial Study (Left Limb),49896.00,isalu
DIAG1817,PCD Lower Extremity Venous Study (Both Limbs),23900.00,isalu
DIAG1820,PCD Occular,7700.00,isalu
DIAG1822,PCD PELVIS (FEMALE),6000.00,isalu
DIAG1821,PCD Pelvis (male),30999.50,isalu
DIAG1823,PCD Renal,16900.00,isalu
DIAG1825,PCD Upper Extremity Arterial Study (Left Limb),16900.00,isalu
DIAG1830,PCD Varicocele,30107.00,isalu
DIAG441,PCV -PACKED CELL VOLUME (HAEMATOCRIT) -  [BLOOD],1960.20,isalu
DRG2653,PEFLOXACIN 400MG TAB,403.92,isalu
PCD4244,Pelvic Evisceration,4656.00,isalu
Pro0001,PELVIC SCAN,5400.00,isalu
DIAG127,PELVIMETRY,5000.00,isalu
PCD353,Penetrating Keratoplasty Or Similar,384000.00,isalu
DRG2654,Penicillin eye ointment,562.72,isalu
DRG2655,PENICILLIN OINTMENT SKIN,475.20,isalu
MED0048,PENICILLIN V POTASSIUM 500MG TAB,551.31,isalu
DRG4682,PENTAVALENT VACCINE,3773.00,isalu
DRG4683,PENTAXIM 1 VIAL,1500.00,isalu
DRG2658,PENTAZOCINE INJ 30MG,1000.00,isalu
MED0075,PERFLOXACIN 400MG,597.64,isalu
DRG1637,PERIDOPRIL/AMLODIPINE/INDAPAMIDE 10/10/2.5MG,1360.42,isalu
DRG1633,PERINDOPRIL ARGININE/AMLODIPINE 10MG/10MG,2206.15,isalu
DRG1634,PERINDOPRIL ARGININE/AMLODIPINE 10MG/5MG,1003.86,isalu
DRG1638,PERINDOPRIL TABS 10MG,1420.37,isalu
DRG1639,PERINDOPRIL TABS 5MG,1370.15,isalu
MED0463,PERINDOPRIL/INDAPAMIDE 10mg/2.5mg,1743.72,isalu
DIAG443,PERIPHERAL BLOOD FILM SMEAR  -  [BLOOD],1200.00,isalu
DIAG444,PERIPHERAL SMEAR REPORT BY HAEMATOLOGIST - [EDTA BLOOD],1000.00,isalu
DRG2670,PETHIDINE INJ,360.00,isalu
Ann0022,"PHE ( WEIGHT, HEIGHT, BMI, BLOOD PRESSURE) VISUAL ACUITY, URINALYSIS, CHEST X-RAY, FASTING BLOOD SUGAR, TOTAL CHOLESTEROL, PAP SMEAR, LIVER FUNCTION TEST, EUCR, FBC",1500.00,isalu
DRG4692,PHENEGAN SYRUP,983.14,isalu
DRG2674,PHENERGAN 25MG TABS X56,20.00,isalu
DRG2675,PHENOBARBITONE 30MG TAB,41.58,isalu
DRG4693,PHENOBARBITONE INJ 200MG ML,2328.48,isalu
DRG2676,PHENOBARBITONE SYRUP,1552.32,isalu
DRG2678,PHENYTOIN 100MG  CAP,72.00,isalu
DRG4695,PHENYTOIN INJ,3675.08,isalu
DRG2679,PHERNEGAN SYRUP,3456.00,isalu
DIAG286,"PHOSPHORUS, INORGANIC -  [SERUM]",2874.96,isalu
DIAG1498,Phosphotidylserine IgG antibody - [Serum],25000.00,isalu
PHOT01,PHOTOTHERAPY (SINGLE) PER DAY,10800.00,isalu
CLI0148,Physical Examination,2112.00,isalu
DIAG019,PHYSICALS,2112.00,isalu
CONS051,PHYSIOTHERAPIST CONSULTATION,6000.00,isalu
CONS052,PHYSIOTHERAPIST REVIEW,4860.00,isalu
DRG2686,PILOCARPINE 2% EYE DROP,1440.00,isalu
DRG2687,PILOCARPINE 4% EYE DROP,1584.00,isalu
PCD4255,PINT OF SCREENED BLOOD (RH  VE) POSITIVE,77000.00,isalu
PCD4256,PINT OF SCREENED BLOOD (RH -VE)NEGATIVE,33312.00,isalu
DRG2689,PIOGLITAZONE 15MG,144.00,isalu
DRG2690,PIOGLITAZONE 30MG,184.34,isalu
DRG1918,PIROXICAM 20MG,54.67,isalu
DRG1919,PIROXICAM GEL,3600.00,isalu
DRG2698,PIROXICAM INJ 20MG,216.00,isalu
DRG2701,PLASMOTRIM RECTOCAP 50MG,417.60,isalu
DRG2702,PLASMOTRIM TAB 200MG,460.80,isalu
PCD445,PLASTER OF PARIS BELOW ELBOW,91800.00,isalu
PCD455,PLASTER OF PARIS FOOT/ANKLE CAST,35000.00,isalu
PCD452,Plaster Of Paris Hand Cast,25000.00,isalu
PCD451,Plaster Of Paris Hip - Spica,2400.00,isalu
PCD456,PLASTER OF PARIS LEG CAST,35000.00,isalu
PCD447,PLASTER OF PARIS LONG ARM,57500.00,isalu
PCD446,Plaster Of Paris Upper Arm U -Slab,25000.00,isalu
CONS053,PLASTIC SURGEON CONSULTATION,47500.00,isalu
CONS054,PLASTIC SURGEON REVIEW,38000.00,isalu
DRG2705,PLENDIL TAB 10MG,216.00,isalu
DRG2706,PLENDIL TAB 5MG,172.80,isalu
DRG4705,PNEUMOCOCCAL VACCINE,3000.00,isalu
DRG2709,PODOPHYLLIN CREAM 20G,5821.20,isalu
DRG2710,Podophyllin Paint Compound 5ml,660.00,isalu
DRG2712,POLYAMIN CAPSULES,103.68,isalu
DRG2713,POLYCROL FORTE GEL,1440.00,isalu
DENT105,PORCELAIN FUSED TO METAL CROWN (PFM),2500.00,isalu
DENT106,Porcelain fused to metal crown (Special),60000.00,isalu
DENT107,Porcelain fused to metal crown (Special) bridge per unit,20000.00,isalu
DENT108,Porcelain Fused to metal crown bridge per unit,50000.00,isalu
DENT110,POST AND CORE (PER TOOTH),25000.00,isalu
PCD196,Posterior maxillectomy,691200.00,isalu
DRG2719,Postinor 2,1948.32,isalu
DRG2720,POSTINOR TAB,374.40,isalu
DIAG292,POTASSIUM -  [SERUM],2482.92,isalu
DRG2945,POTASSIUM CHLORIDE 600MG TAB,90.00,isalu
DRG2197,POTASSIUM CHLORIDE INJ,108.00,isalu
DIAG1793,Potassium Chloride Injection (per Ampule),1247.40,isalu
DRG2384,POTASSIUM CITRATE,2191.00,isalu
DRG4711,POTASSIUM PERMANGANATE CRYSTAL,776.16,isalu
DIAG169,POTTASIUM CHLORIDE,2760.33,isalu
DRG2721,POWERCEF 250MG INJ,1209.60,isalu
DRG2723,PRAZIQUANTEL 600MG TAB,194.40,isalu
MED0521,prednisolone 20mg,84.74,isalu
DRG2668,PREDNISOLONE 5MG TAB,95.04,isalu
DRG2311,PREGABALIN 75MG CAPS,100.00,isalu
DRG2731,PREGNACARE CAP,439.59,isalu
DRG2732,PREGNAGAIN CAPS,310.00,isalu
DIAG1688,PREGNANCY TEST -  [SERUM],2732.40,isalu
DIAG1689,PREGNANCY TEST -  [URINE],1500.00,isalu
DRG2733,PREGNYL 5000IU INJ,4464.00,isalu
ADM0004,PREMIUM EXECUTIVE,31200.00,isalu
DRG4718,PRENATAL CAPS,30.00,isalu
DRG5003,PREVANAR,17050.00,isalu
MED0115,PREVENAR 13 (PNEUMOCOCCAL CONJUGATE),44763.73,isalu
DRG4719,PREVENAR VACCINE,12100.00,isalu
DRG2738,PRIMALAR TAB,148.32,isalu
DRG2739,PRIMARIN TAB,80.64,isalu
DRG2740,PRIMOGYN DEPOT 10MG INJ,1368.00,isalu
ADM01,PRIVATE ROOM,25650.00,isalu
FEED01,PRIVATE ROOM FEEDING PER DAY,9720.00,isalu
DRG2749,PROCAINE PENICILLIN INJ,2760.09,isalu
DRG2964,PROCHLORPERAZINE MESYLATE INJECTION,41.58,isalu
INP0003,PROFESSIONAL FEE,0.10,isalu
DIAG592,PROGESTERONE (P4) -  [SERUM],26125.00,isalu
MED0156,PROGESTERONE 100MG,3492.72,isalu
DRG1651,PROGESTERONE 400MG,3100.00,isalu
MED0184,PROGESTERONE INJ,3029.90,isalu
DRG4723,PROGESTERONE INJ 25MG PER ML,5429.21,isalu
DRG2751,PROGUANIL 100MG TAB,32.50,isalu
DRG2752,PROGYNOVA,10059.86,isalu
DIAG593,PROLACTIN -  [SERUM],6500.00,isalu
PCD86,Prolapse Of Rectum - Laparoscopic Rectopexy,336000.00,isalu
DRG2753,PROMETHAZINE INJ 25MG,558.36,isalu
DRG2754,PROMETHAZINE SYRUP,950.00,isalu
DRG2755,PROMETHAZINE TAB 25MG,22.77,isalu
DRG2708,PROPANOLOL 40MG,63.50,isalu
MED0400,PROPANOLOL TAB 20MG,41.58,isalu
DRG2758,PROSCAR 5MG TAB,660.96,isalu
DRG2759,PROSTACARE,439.56,isalu
PCD222,Prostate - Needle Biopsy  Neddle,256500.00,isalu
PCD224,Prostatectomy,1026000.00,isalu
DIAG451,Prostrate Biopsy (Ultrasound Guided),6500.00,isalu
DIAG779,Protein Electrophoresis - [Urine 24H],7722.00,isalu
DIAG1514,Protein Electrophoresis/ Serum Electrophoresis -  [Serum],40700.00,isalu
DIAG299,Proteins -  [CSF],2600.00,isalu
DIAG303,PROTEINS -  [SERUM],1150.00,isalu
DIAG1690,PROTHROMBIN TIME (PT) -  [CITRATE  PLASMA],9773.68,isalu
DRG2762,PROVIRON 25MG TAB,115.20,isalu
DIAG1517,PSA -PROSTATE SPECIFIC ANTIGEN -  [TISSUE],24829.20,isalu
DIAG595,"PSA -PROSTATE SPECIFIC ANTIGEN, TOTAL -  [SERUM]",8000.00,isalu
DRG2937,PSEUDOEPHEDRINE AND GUAIFENESIN,1566.03,isalu
DRG1032,PSEUDOEPHEDRINE HYDROCHLORIDE 60MG/ TRIPROLIDINE HYDROCHLORIDE 2.5MG,250.00,isalu
DRG1031,PSEUDOEPHEDRINE HYDROCHLORIDE/ TRIPROLIDINE HYDROCHLORIDE SYRUP,1368.00,isalu
CONS055,PSYCHIATRIST CONSULTATION,28215.00,isalu
CONS056,PSYCHIATRIST REVIEW,23085.00,isalu
ADM00020,PSYCHOTHERAPY,21120.00,isalu
OPT201,Pterygium Excision,676800.00,isalu
DIAG1519,PTH -PARA THYROID HORMONE (INTACT MOLECULE) -  [EDTA PLASMA / SERUM],35000.00,isalu
DIAG1693,PTTK -PARTIAL THROMBOPLASTIN TIME -  [CITRATE  PLASMA],8925.00,isalu
MED0420,Pulmicort Nebule 0.25Mg,2093.85,isalu
MED0434,Pulmicort Nebules 0.5mg,2405.70,isalu
DRG2765,PULMICORT TURBOHALER,9792.00,isalu
PCD208,PYELOPLASTY,1200000.00,isalu
DRG4738,Pylorest x60,715.00,isalu
SUR0137,PYLOROMYOTOMY (PAED),681120.00,isalu
DRG2780,PYRANTRIN SUSPENSION,720.00,isalu
DRG2781,PYRANTRIN TABLETS,86.40,isalu
DRG2782,PYRAZINAMIDE  SYRUP,65.34,isalu
DRG2783,PYRAZINAMIDE  TAB 500MG,65.34,isalu
DRG2784,PYRIDOZINE 50MG TAB,187.20,isalu
DRG1856,PYRITINOL  SYRUP 100MLS,6480.00,isalu
DRG1857,PYRITINOL SYRUP 120MLS,3744.00,isalu
DRG2789,QUININE INJ. 600MG,350.00,isalu
DRG2790,QUININE SYR 200MLS,1224.00,isalu
DRG2791,QUININE TAB 300MG,35.00,isalu
DRG1020,RABEPRAZOLE 20MG,55.00,isalu
DRG4748,RABIES VACCINE 25IU,19093.54,isalu
DRG2645,RABREPAZOLE 20MG TAB,568.80,isalu
PCD15,Radical mastectomy - Bilateral,720000.00,isalu
PCD239,Radical Orchidectomy,543840.00,isalu
PCD223,Radical Retropubic Prostatectomy,912000.00,isalu
DRG2793,RAMIPRIL 10MG,103.50,isalu
DRG2794,RAMIPRIL 2.5MG,130.74,isalu
DRG2795,RAMIPRIL 5MG,193.12,isalu
DRG3049,RAMIPRIL/HYDROCHLOROTHIAZIDE (THIAPRIL) 5/12.5mg,172.80,isalu
DIAG215,RANDOM BLOOD SUGAR,2250.00,isalu
DRG2804,RANITIDINE 150MG TAB,87.42,isalu
DRG2129,RANITIDINE 300MG TAB,190.00,isalu
DRG4751,RANITIDINE INJECTION 50MG,1116.00,isalu
DIAG1695,RAPID PLASMA REAGIN (RPR/VDRL) TEST -  [SERUM],3076.92,isalu
DRG2807,REALFLEX TAB 400mg,739.94,isalu
DRG2809,RECTOGESIC OINTMENT,3177.72,isalu
DRG4753,REDOXON 1G TAB,309.60,isalu
OPT123,REFRACTION,7695.00,isalu
REG,REGISTRATION,2400.00,isalu
DRG2812,REGROTON TAB,144.00,isalu
DRG2838,REMAL 40/320 X9TABS,1496.88,isalu
PCD683,REMOVAL FOREIGN BODIES,37800.00,isalu
PCD136,REMOVAL OF FOREIGN BODY (SIMPLE),3000.00,isalu
PCD4278,Removal of Implant,80000.00,isalu
PCD300,REMOVAL OF INTRAUTERINE DEVICE IUCD,20520.00,isalu
PCD4279,Removal Of IUCD Under General Anaesthesia,25000.00,isalu
PCD4280,Renal Cystectomy,683520.00,isalu
SON0002,Renal Doppler Scan (bilateral),12117.60,isalu
DRG2840,RENERVE PLUS SATCHET,738.01,isalu
PCD118,REPAIR OF INCISIONAL HERNIA,513000.00,isalu
PCD4282,REPAIR OF MINOR LACERATION,25000.00,isalu
PCD252,Repair of Recto-vaginal Fistula,336000.00,isalu
DENT111,Repair of removable orthodontic appliance,400000.00,isalu
PCD242,Repair Of Third Degree Tear,35000.00,isalu
PCD121,REPAIR OF UMBILICAL HERNIA,461700.00,isalu
PCD83,Resection Of Rectum - Abdominoperineal,23712.00,isalu
DRG1385,Reserpine + Dihydroergocristine + Clopamide (Restricted) Tablet Reserpine 0.1mg + Dihydroergocristine 0.5mg + Clopamide 5.0mg Tab.,187.20,isalu
CONS059,RESPIRATORY PHYSICIAN / PULMONOLOGIST CONSULTATION,33250.00,isalu
CONS060,Respiratory Physician / Pulmonologist Follow Up,26125.00,isalu
DIAG418,Reticulocyte Count,6949.80,isalu
DRG2843,RETIN A CREAM,10322.93,isalu
DIAG1696,RF -RHEUMATOID FACTOR - QUALITATIVE - [SERUM],12540.00,isalu
DIAG1697,Rhesus (Anti D) Antibody titre -  [Serum],15681.60,isalu
CONS061,RHEUMATOLOGY CONSULTATION,28215.00,isalu
CONS062,RHEUMATOLOGY FOLLOW UP,23085.00,isalu
DRG2854,RHOGAM (ANTI-RH D IMMUNOGLOBULIN),95153.51,isalu
DRG4756,RIBOFLAVINE 3MG,64.84,isalu
DRG2856,RIFAMPICIN  CAP 300MG,57.60,isalu
DRG2857,RIFAMPICIN 100MLS SYRUP,1108.80,isalu
DRG2855,Rifampicin 150mg,1540.00,isalu
DRG2858,RIFAMPICIN 60MLS SYRUP,864.00,isalu
DRG2859,RINGER'S LACTATE,1664.96,isalu
DRG2860,RISPERDAL 2MG,130.68,isalu
DRG2861,RISPERDAL 3MG TAB,100.80,isalu
DRG4759,RISPERIDONE 2MG,568.47,isalu
DRG3254,RIVAROXABAN 20MG,4839.91,isalu
DRG2869,ROHYPNOL TAB 1 MG,154.08,isalu
DRG2871,ROPHEGAN PROMETHAZINE SYR,665.28,isalu
MED0384,Rosuvastatin 10Mg,1033.56,isalu
DRG1644,ROSUVASTATIN 10MG,150.00,isalu
DRG1645,ROSUVASTATIN 20MG,200.00,isalu
DRG2222,ROSUVASTATIN 5MG,352.90,isalu
DRG4766,ROTAVIRUS VACCINE,11097.15,isalu
DIAG743,"ROUTINE EXAMINATION, STOOL (BASIC) -  [STOOL]",3391.50,isalu
DIAG372,"Routine Examination, urine -  [Urine]",1963.50,isalu
MED0069,Routine Immunization (NPI),1632.00,isalu
DRG2874,ROVAMYCIN 3MU TAB,449.28,isalu
DRG2875,ROVIGON TAB,50.40,isalu
DRG2879,ROXICEF INJECTION 750MG,2910.60,isalu
DIAG401,Rubella (German Measles) -IgG Antibodies -  [Serum],11016.00,isalu
DIAG402,Rubella (German Measles) -IgM Antibodies -  [Serum],10000.00,isalu
SUR0179,RUPTURED APPENDECTOMY,755040.00,isalu
DRG2887,SABRESTEN VAG CREAM,1296.00,isalu
DRG1952,SACCHAROMYCES BOULARDII,1835.89,isalu
DRG3159,SALBUTAMOL 2MG TAB,20.00,isalu
DRG3160,SALBUTAMOL INHALER,7000.00,isalu
DRG2895,SALBUTAMOL INHALER 100MCG,5346.00,isalu
DRG2825,SALBUTAMOL NEBULES 2.5MG,1500.00,isalu
DRG3161,SALBUTAMOL NEBULES 5MG/VIAL,1200.00,isalu
DRG3162,SALBUTAMOL SYRUP,1001.25,isalu
DRG2896,SALBUTAMOL TAB 4MG,29.00,isalu
DRG2897,SALICYLIC ACID OINTMENT,3000.00,isalu
DRG2900,SALINE NASAL DROPS,1940.40,isalu
DRG4769,SALMETEROL FLUTICASONE 250MCG,2465.00,isalu
DRG2916,SALMETEROL/FLUTICASONE 50MG/250MG,10080.00,isalu
DRG2901,SANATOGEN MULTIVITAMIN GOLD,144.00,isalu
DRG2902,SANATOGEN TAB FOR CHILDREN,105.12,isalu
MED0080,SAYANA PRESS INJECTION,2208.26,isalu
DRG4771,SCOTCH CAST,81000.00,isalu
DIAG1842,SCROTAL ULTRASOUND  DOPPLER,36566.64,isalu
DRG2907,SECNIDAZOLE 500MG TABS,700.00,isalu
DIAG1547,Selenium ICPMS - [Serum],498.96,isalu
DIAG745,SEMEN M/C/S,9000.00,isalu
DIAG746,"SEMEN, ROUTINE EXAMINATION/ SEMINAL FLUID ANALYSIS - [SEMEN]",4775.76,isalu
ADM02,SEMI PRIVATE ROOM,12960.00,isalu
FEED02,SEMI PRIVATE ROOM FEEDING PER DAY,7200.00,isalu
DRG2915,SERETIDE DISKUS 100MCG,16567.38,isalu
DRG2917,SEROXAT,368.64,isalu
DRG4780,SERTRALINE 50MG,593.60,isalu
BIO0033,SERUM PHOSPHATE,5200.00,isalu
MED0461,SETRALINE 100MG,181.44,isalu
DRG2921,SEVEN SEAS ORANGE FLAVOR,4864.86,isalu
OPH0012,SHIRMER'S TEST,2688.00,isalu
SUR0171,silver nitrate stick,15717.24,isalu
DRG1694,SILVER SULFADIAZINE CREAM,3244.35,isalu
DRG2927,SILVERBIRD EUCALYPTUS OIL,5786.27,isalu
DRG4782,Silymarin (Silybon) 140mg x30,460.07,isalu
DRG4783,Silymarin (Silybon) 70mg x30,165.00,isalu
PCD190,Simple Mastoidectomy,696000.00,isalu
DRG2929,SIMVASTATIN 10MG,71.45,isalu
DRG2930,SIMVASTATIN 20MG,108.15,isalu
DRG2932,SIMVASTATIN 40MG,7397.28,isalu
DRG2935,SIMVOR 20MG TAB,115.20,isalu
DRG2936,Sinemet  275mg,407.48,isalu
PCD139,Skin Lesion Excision with Direct Closure,163200.00,isalu
PCD140,Skin Lesion Excision with Flap Closure Under GA,182400.00,isalu
DIAG748,SKIN SNIP FOR MICROFILARIE,15675.00,isalu
PCD479,SKIN TRACTION,7560.00,isalu
PCD72,Small Bowel Resection,21120.00,isalu
PCD4312,SMALL CYST EXCISION,25000.00,isalu
DIAG311,Sodium -  [Serum],2613.60,isalu
DRG4792,SODIUM BICARBONATE 300MG TABS,45.00,isalu
DRG2946,SODIUM BICARBONATE INJ,1871.10,isalu
DRG2947,SODIUM CHROMOGLYCATE EYE DROPS,1656.00,isalu
MED0403,SODIUM VALPROATE TAB 200MG,237.60,isalu
MED0016,SODIUM VALPROATE TAB 500MG,343.84,isalu
DRG4795,SOFRATULLE,280.00,isalu
DRG4797,SOFTBAN,220.00,isalu
DRG2950,SOLOTONE Tonic,1320.00,isalu
DRG2951,SOLUSET,13816.88,isalu
DIAG1843,SONO ABDOMEN SCAN,7800.00,isalu
DIAG1846,SONO ABDOMINOPELVICS,4500.00,isalu
DIAG1847,SONO ANOMALY SCAN,135000.00,isalu
DIAG1850,SONO CHEST,2500.00,isalu
DIAG1852,SONO FOLLICULAR STUDY,11511.72,isalu
DIAG1858,SONO HSG,36566.64,isalu
DIAG1862,SONO NECK,6000.00,isalu
DIAG1864,SONO OBSTETRICS WITH BIOPHYSICAL PROFILE,17100.00,isalu
DIAG1865,SONO OBSTETRICS/PREG(1 TO 3 MONTHS),6000.00,isalu
DIAG1867,SONO OBSTRICS 4D SCAN,20179.37,isalu
DIAG1871,SONO PROSTRATE / TRUS,13543.20,isalu
DIAG1875,SONO TESTES /  SONO SROTUM / SCROTAL DOPPLER,17606.16,isalu
DIAG1876,SONO THYROID SCAN,17100.00,isalu
DIAG1878,SONO TRANSRECTAL,14256.00,isalu
DIAG1879,SONO TRANSVAGINAL,5500.00,isalu
DRG2954,SPARFLOXACIN 200MG TAB,730.62,isalu
CONS081,SPEECH THERAPY(1STVISIT),26180.00,isalu
CONS082,SPEECH THERAPY(FOLLOWUP),15360.00,isalu
DRG1062,SPIRONOLACTONE 25MG,80.00,isalu
PCD87,Splenectomy,366720.00,isalu
DRG2958,SPORANOX 100MG CAP,158.40,isalu
DIAG750,SPUTUM M/C/S,4312.44,isalu
DRG4807,STELAZINE TABS,225.72,isalu
PCD517,Stellate Ganglion Block,50000.00,isalu
DIAG753,STOOL M/C/S,5500.00,isalu
DIAG755,"STOOL, ROUTINE EXAMINATION, (BASIC) -  [STOOL]",3555.09,isalu
DRG2974,STREPTOMYCIN INJ 1G,1746.36,isalu
PCD4320,Subdural Tap,1536.00,isalu
PCD111,Subtotal Thyroidectomy Bilateral,1440000.00,isalu
SUR0152,SUCTION CURRETAGE/EVACUATION,70200.00,isalu
DRG2980,SUDOCREAM 125g,5433.12,isalu
DIAG315,Sugar Level [Body Fluid],700.00,isalu
DRG1910,SULFADOXINE AND PYRIMETHAMINE,699.29,isalu
DRG1912,SULFADOXINE AND PYRIMETHAMINE  SYRUP,576.00,isalu
DRG2989,SULPHADEINE PLUS SOLUBLE,172.80,isalu
DRG2992,SUMATRIPTAN 50MG,1748.21,isalu
PCD104,Superficial Parotidectomy-Bilateral,710400.00,isalu
DRG2999,SUPRADYN CAP,165.60,isalu
PCD225,Suprapubic Cystostomy,183600.00,isalu
PCD4324,SURGERY OF COMPLICATIONS OF APPENDICITIS,263670.00,isalu
PCD132,Surgical Drainage Of Anal Abscess,34368.00,isalu
PCD4331,SURGICAL EXTRACTION,0.00,isalu
DRG3002,SUSTANON INJ 250MG,5904.00,isalu
PCD4333,Suture Of Major Wounds (Surgical Fees Only),10000.00,isalu
PCD4334,SUTURING OF LACERATIONS,7500.00,isalu
PCD4335,SUTURING OF LACERATIONS(MAJOR),1320.00,isalu
PCD4336,SUTURING OF LACERATIONS(MINOR),5000.00,isalu
DRG4822,SYMBICORT INHALER 160 4.5,31434.48,isalu
DRG4823,SYMBICORT TURBUHALER 80 4.5MG,6912.00,isalu
DRG3007,SYNERGO TAB 0.5MG,3987.52,isalu
DRG4825,SYNFLORIX VACCINE,3773.00,isalu
PCD4337,Synovectomy,816000.00,isalu
DRG3010,SYNTOCINON INJ,1247.40,isalu
OPT184,SYRINGING AND PROBING,32400.00,isalu
DIAG600,"T3,Total (Tri-iodothyronine) -  [Serum]",8000.00,isalu
DIAG602,"T4,Total (Thyroxine) -  [Serum]",8000.00,isalu
MED0438,Tab Gabapentin NT 400/10mg,187.29,isalu
DRG3011,TABALON TAB,100.98,isalu
DRG5004,TADALAFIL 10MG/TAB,966.11,isalu
DRG3015,TADALAFIL 20MG TAB,970.20,isalu
DRG3016,TALEN 1.5MG TAB,189.00,isalu
DRG3018,TAMOXIFEN TAB 20MG,144.00,isalu
DRG3019,TAMSULOSIN HYDROCHLORIDE 0.4MG CAP,211.68,isalu
DRG1771,TAMSULOSIN HYDROCHLORIDE/FINASTERIDE 0.4/0.5MG,800.00,isalu
DRG3021,TARIVID 200MG TAB,360.00,isalu
DRG3022,TAVANIC 500mg,10602.90,isalu
DRG3023,TAVANIC INFUSION 500MG,15523.20,isalu
DRG3024,TAVEGYL 1MG TAB,72.00,isalu
DIAG759,TB Spot Test,1000.00,isalu
DRG4832,TCP OINTMENT 30G,735.00,isalu
DRG4833,TED STOCKINGS,11520.00,isalu
DRG2372,TELMISARTAN 40MG,200.00,isalu
DRG3032,TELMISARTAN 80MG TABS,115.70,isalu
DRG3119,TELMISARTAN/AMLODIPIN 40/10mg,659.34,isalu
DRG3120,TELMISARTAN/AMLODIPIN 40/5MG TABS per satchet,651.43,isalu
DRG3122,TELMISARTAN/AMLODIPIN 80/5MG TABS,651.43,isalu
DRG3033,Tenex- Tenoxicam,129.60,isalu
DRG3034,TENOFOVIR TAB X 30,6160.00,isalu
DRG3037,TENORETIC TAB,543.30,isalu
DRG2207,TERBINAFINE 250MG TAB,289.36,isalu
DRG2208,TERBINAFINE HYDROCHLORIDE CREAM,4195.69,isalu
PCD237,Testicular Biopsy,193248.00,isalu
DIAG604,TESTOSTERONE (TOTAL) -  [SERUM],7500.00,isalu
MED0157,TESTOSTERONE 1G,3029.40,isalu
DIAG1587,TESTOSTERONE FREE -[SERUM],22096.80,isalu
DRG3043,TETANUS TOXOID INJ 0.5MG,420.00,isalu
DRG3044,TETRACYCLINE CAP 250MG,32.17,isalu
DRG3048,THALAZOLE  500MG TAB,43.20,isalu
SUR0151,THE LORD'S PROCEDURES,427200.00,isalu
DRG5013,Thiopentone inj. 1g,2304.00,isalu
Physio1010,Thoraco Lumber Corset,14400.00,isalu
PCD149,Thoracotomy,816000.00,isalu
DIAG760,THROAT SWAB FOR  M/C/S,4312.44,isalu
DRG3053,THROTAL SYRUP,2592.00,isalu
DIAG598,THYROID FUNCTION TEST(T3  T4  TSH)- [SERUM],15000.00,isalu
DIAG605,THYROID STIMULATING HORMONE (TSH) -  [SERUM],8000.00,isalu
SUR0166,THYROIDECTOMY,150000.00,isalu
PCD109,Thyroplasty,2880.00,isalu
DRG3054,THYROXINE TAB 0.5MG,172.80,isalu
DRG3055,THYROXINE TAB 100MCG,223.20,isalu
DRG3056,TIMOLOL 0.5% EYE DROPS,1152.00,isalu
DRG3059,TIOCOSID CREAM,1440.00,isalu
DRG2939,TIZANIDINE 2MG,290.00,isalu
DRG2940,TIZANIDINE 4MG,607.71,isalu
DRG3064,TOBRAMYCIN EYE DROP,2200.00,isalu
DRG3065,TOBRAMYCIN OINMENT,2016.00,isalu
DRG3067,TOCOVID 200mg by30 softgel,260.00,isalu
DRG3068,Tocovid caps 50mg * 30,2763.79,isalu
DRG4855,TOFRANIL IMIPRAMINE TABS 10MG OR 25MG,426.89,isalu
DRG4856,TOLTERODINE 2MG TABS,697.07,isalu
PCD4355,TONGUE TIE RELEASE,32400.00,isalu
PCD171,Tonsillectomy,779803.20,isalu
DRG4857,TOPIRAMATE 25MG TAB,323.39,isalu
MED0066,TORSEMIDE 10MG INJ,1288.15,isalu
DRG4860,TORSEMIDE 10MG TAB,175.46,isalu
DRG4859,TORSEMIDE 20MG TAB,264.13,isalu
DRG3070,TORSINEX-20MG TABS X30,110.00,isalu
PCD105,Total Parotidectomy,816000.00,isalu
PCD110,Total Thyroid Lobectomy,820800.00,isalu
SUR0141,TOTAL THYROIDECTOMY,1440000.00,isalu
PCD4400,TOXICOLOGY,24990.00,isalu
DIAG611,Toxoplasma - IgG (Qualitative) -  [CSF],21063.00,isalu
DIAG612,Toxoplasma - IgM (Qualitative  -  [CSF],20111.00,isalu
DIAG1603,TPHA-Treponema Pallidum Haemagglutination Assay -  [Serum],28084.00,isalu
DRG4862,TRADYL 100MG INJ,1948.32,isalu
DRG3045,Tramadol 37.5mg and paracetamol 325mg,600.00,isalu
DRG2849,TRAMADOL 50MG,100.00,isalu
MEB0062,TRAMADOL HCL 100MG INJECTION (BRANDED),450.00,isalu
DRG3074,TRAMAL 100MG INJ (TRADYL),792.00,isalu
MED0187,TRANEXAMIC ACID  250MG TAB,208.80,isalu
DRG3076,TRANEXAMIC ACID 100MG/ML INJ,2016.00,isalu
DRG3077,TRANEXAMIC ACID 500MG INJ,2622.31,isalu
DRG3078,TRANEXAMIC ACID 500MG TAB,350.00,isalu
PCD193,Transnasal Ethmoidectomy,849600.00,isalu
SUR0035,Transrectal Biopsy of Prostate/ Prostatectomy,192000.00,isalu
PCD54,Transverse Colectomy with Anastomosis,528000.00,isalu
Pro0003,TRANSVIGINAL SCAN,12866.04,isalu
OPT197,Traumatic Corneal And/or Scleral Laceration Repair  (Major-SURGICAL),21120.00,isalu
DRG3080,TRAVANTAN OINTMENT,11325.60,isalu
DRG3081,TRAVOCORT CREAM,2678.40,isalu
DRG3079,TRAVOPROST EYE DROP,10944.00,isalu
DRG2184,TRIAMCINOLONE 40MG INJECTION,4600.55,isalu
DRG3094,TRIBOTAN BABY,2333.91,isalu
DRG3095,TRIBOTAN CREAM ADULT,2023.29,isalu
DRG3098,TRIFLUERAZINE 5MG TAB,31.68,isalu
DRG4873,TRIFLUOPERAZINE 5MG,135.00,isalu
DIAG319,TRIGLYCERIDES -  [SERUM],2990.79,isalu
DRG1192,TRIHEXYPHENIDYL 5MG TAB,235.97,isalu
DRG3156,TRIMETAZIDINE 35MG,195.00,isalu
DRG1284,TRIPLE ACTION CREAM,1668.70,isalu
DRG3101,TRITACE 2.5MG * 28 TABS,201.60,isalu
DRG4882,Tropicamide (Mydriacyl) 1%,1944.00,isalu
DIAG617,TROPONIN-I -  [SERUM] (QUANTITATIVE),31350.00,isalu
DIAG619,TROPONIN-I - [SERUM] (QUALITATIVE),10000.00,isalu
DIAG620,TROPONIN-T -  (QUANTITATIVE) [NA-HEPARIN BLOOD],20111.00,isalu
DIAG621,Troponin-T - (Qualitative)  [Na-Heparin Blood],10000.00,isalu
DRG3103,TROSYD CREAM,1872.00,isalu
DIAG173,TUNNELLED CATHETER REMOVAL,27500.00,isalu
DRG3113,Tuxil 4,772.00,isalu
PCD282,TWIN DELIVERY- NORMAL DELIVERY,85000.00,isalu
DRG5010,TWINRIX,10258.65,isalu
DRG3125,Tylenol PM X24,83.16,isalu
PCD4369,Tympanometry,16200.00,isalu
DRG4891,TYPHOID VACCINE,14097.42,isalu
DRG4893,TYZINE NASAL DROP 0.1 PERCENT 15ML,835.20,isalu
DRG4895,ULSAKIT 770mg,108.00,isalu
DIAG622,Ultrasensitive TSH,17772.48,isalu
DIAG1833,Umbilical Artery Doppler Studies,85536.00,isalu
DRG3128,UNABEN TAB 400MG,326.88,isalu
DRG3129,UNASYN CAP,324.00,isalu
DRG3130,UNASYN INJ,1396.80,isalu
PCD123,UNILATERAL HERNIA - INGUINAL REPAIR,345600.00,isalu
PCD124,Unilateral Laparoscopic Hernia - Inguinal Repair,291500.00,isalu
DRG3140,UPERIO TABS 100MG * 28,885.78,isalu
DIAG323,UREA -  [SERUM],4180.00,isalu
DIAG325,Urea Clearance test -  [Serum and Urine],29907.90,isalu
SUR0143,URETEROPLASTY,1026000.00,isalu
DIAG762,URETHRAL SWAB M/C/S,3920.40,isalu
PCD229,Urethroplasty - Stage 1,407440.00,isalu
DIAG329,URIC ACID -  [SERUM],5225.00,isalu
DIAG331,URIC ACID - [URINE],1200.00,isalu
DIAG380,URINALYSIS,2612.50,isalu
DRG4898,URINE BAG,623.70,isalu
DIAG763,URINE M/C/S,4312.44,isalu
DIAG333,URINE MICROALBUMIN/CREATININE RATIO - [URINE SPOT],10000.00,isalu
DIAG764,URINE MICROSCOPY (FOR  PARASITES),1600.00,isalu
CONS063,UROLOGIST CONSULTATION,28215.00,isalu
CONS064,UROLOGIST REVIEW,23085.00,isalu
DRG4900,URSODEOXYCHOLIC ACID 250MG,605.00,isalu
PCD4404,UTERINE EXPLORATION  ANEASTHESIA,15360.00,isalu
PCD167,Uvulopalatopharyngoplasty (UPPP),733920.00,isalu
PCD4376,Vagotomy/Pyloroplasty,546240.00,isalu
DRG3145,VALIUM INJ 10MG,1840.06,isalu
DRG4906,VALSARTAN 160MG,350.00,isalu
DRG4907,VALSARTAN 80MG,300.00,isalu
DRG4908,VALSARTAN HCTZ 160/12.5MG TAB,455.00,isalu
DRG1601,VALSARTAN HCTZ 80/12.5MG BRANDED,1629.52,isalu
DRG4912,Valtrex 500mg,144.00,isalu
DRG4913,VANCOMYCIN INJ 500MG,10478.16,isalu
PCD4378,Vasectomy,200000.00,isalu
MED0179,VAXIGRIP (FLU) VACCINE,13687.38,isalu
DIAG1707,VDRL (RPR) -  [SERUM],1000.00,isalu
DRG3157,VECUTEN CREAM,864.00,isalu
SON0001,VENOUS DOPPLER SCAN (LIMB),49896.00,isalu
CLI0086,Ventilator – CPAP,24000.00,isalu
DRG3165,VIAREX INHALER,4752.00,isalu
DRG4923,Victoza Pen 6mg/ml 3ml,28800.00,isalu
DRG1997,VIDAGLIPTIN 50MG,270.00,isalu
DRG4925,VIDAGLIPTIN/METFORMIN 50/1000MG TAB,800.00,isalu
DRG2000,VIDAGLIPTIN/METFORMIN 50/500MG TAB,1618.29,isalu
DRG1607,VINPOCETINE 5MG,285.12,isalu
DRG3174,VISINE EYE DROPS (SMALL),1440.00,isalu
DRG3175,VISION PLUS,100.80,isalu
DRG1746,"VIT B1, B6, B12/ DICLOFENAC 50MG  (DOLOMETA)",74.39,isalu
DRG3181,VITAMIN A 1000IU,142.30,isalu
DRG3182,VITAMIN B COMPLEX,29.70,isalu
DIAG623,VITAMIN B12 (CYANOCOBALAMIN) -  [SERUM],83.16,isalu
DIAG1632,"Vitamin B12, active (Holo Transcobalamin) - [Serum]",83.16,isalu
DIAG1633,Vitamin B6 pyridoxal phosphate - [EDTA  Blood],77.22,isalu
DRG3184,VITAMIN B-CO INJECTION 100mg/ml,410.81,isalu
DRG3185,VITAMIN B-CO SYRUP,2000.00,isalu
DRG2463,VITAMIN B-CO TAB,18.40,isalu
DRG2447,VITAMIN C 1000MG,100.98,isalu
DRG3188,VITAMIN C 100MG,9.20,isalu
DRG1818,VITAMIN C 100MG/5MLS SYRUP,2248.91,isalu
DRG3190,VITAMIN C 500MG,162.22,isalu
DRG3191,VITAMIN C INJECTION,588.87,isalu
DRG3193,VITAMIN E 1000IU,173.62,isalu
DRG3194,VITAMIN E 20MG,38.88,isalu
DRG3195,VITAMIN K INJECTION,579.51,isalu
DRG3196,Vitane Drop,2270.27,isalu
PCD364,Vitrectomy,480.00,isalu
PCD365,Vitrectomy With Retinal Detachment Repair,273600.00,isalu
DRG4943,VITRICINE EYE DROPS,1152.00,isalu
DRG3202,Voltaren emuge,385.00,isalu
DRG3203,VOLTAREN RETARD 100MG TAB,195.84,isalu
DRG3206,Voltfast 50mg,323.39,isalu
PCD6000,WALKING FRAME,28512.00,isalu
Physio1012,Walking Stick,5040.00,isalu
DRG3209,WARFARIN 1MG TABS X28 (TEVA),35.64,isalu
DRG3210,WARFARIN 3MG * 28 TABS TEVA,41.58,isalu
DRG3211,WARFARIN 5MG,128.82,isalu
DRG3214,WATER FOR INJECTION,60.00,isalu
SER0001,WBC,3657.50,isalu
DIAG450,"WBC (LEUCOCYTE) : TOTAL AND ABSOLUTE DIFFERENTIAL COUNTS,  -  [BLOOD]",550.00,isalu
DIAG1708,WIDAL TEST -  [SERUM],2380.00,isalu
MAJ0002,WOUND DRESSING (MAJOR),3780.00,isalu
MIN0001,WOUND DRESSING (MINOR),2565.00,isalu
DIAG767,WOUND SWAB M/C/S,4466.88,isalu
DRG4962,WRIST BRACE,3850.00,isalu
DRG4963,WRIST SPLINT,3850.00,isalu
DRG4964,Wrist Support Ambidextrous,10602.90,isalu
CLI0097,X RAY CHEST BOTH OBLIQUE,11900.00,isalu
DRG3253,Xarelto 10mg (Rivaroxaban),4756.76,isalu
DRG4966,Xarelto 15mg,3936.68,isalu
DIAG1915,XRAY ABDOMEN,13543.20,isalu
DIAG1916,XRAY ABDOMEN (AP SUPINE),5000.00,isalu
DIAG1917,XRAY ABDOMEN (ERECT AND SUPINE VIEWS),13543.20,isalu
DIAG1918,XRAY ABDOMEN (ERECT VIEW),5300.00,isalu
DIAG1919,XRAY Abdomen (Lateral shoot through),3300.00,isalu
DIAG1926,XRAY Babygram,12495.00,isalu
DIAG1927,XRAY Barium Enema,49896.00,isalu
DIAG1928,XRAY BARIUM MEAL AND FOLLOW THROUGH,42768.00,isalu
DIAG1929,XRAY Barium Meal for IC Region,28560.00,isalu
DIAG1931,XRAY Barium Swallow,35640.00,isalu
DIAG1934,XRAY BOTH ANKLE JOINT AP/LAT,20314.80,isalu
DIAG1936,XRAY BOTH ELBOW JOINT AP/LAT,17100.00,isalu
DIAG1937,XRAY BOTH FEET AP/LAT,18000.00,isalu
DIAG1940,XRAY BOTH HAND (AP),18000.00,isalu
DIAG1941,XRAY BOTH HAND (LAT),5500.00,isalu
DIAG1944,XRAY BOTH HIP JOINTS FROG VIEW,18960.48,isalu
DIAG1945,XRAY Both Humerus AP/LAT,11840.50,isalu
DIAG1947,XRAY BOTH KNEE AP/LAT STANDING,20520.00,isalu
DIAG1949,XRAY BOTH KNEES (AP),13090.00,isalu
DIAG1951,XRAY both lower limbs scanogram,8800.00,isalu
DIAG1954,XRAY BOTH SHOULDER JOINT AP/LAT,20520.00,isalu
DIAG1956,XRAY BOTH WRIST JOINT AP/LAT,10157.40,isalu
DIAG1960,XRAY Cervical Spine - Both Obliques,9800.00,isalu
DIAG1961,XRAY CERVICAL SPINE AP/LAT,7000.00,isalu
DIAG1962,XRAY Cervical Spine AP/LAT/Both OBL,17107.20,isalu
DIAG1970,XRAY CHEST AP/LAT,11511.72,isalu
DIAG1972,XRAY Chest For Ribs,5000.00,isalu
DIAG1977,XRAY CHEST PA VIEW,7840.80,isalu
DIAG1980,XRAY Clavicle AP,10692.00,isalu
DIAG1982,XRAY DISTAL LOOPOGRAM,14280.00,isalu
DIAG1988,XRAY FISTULOGRAM,50323.68,isalu
DIAG1989,XRAY FOOT AP VIEW,10157.40,isalu
DIAG1992,XRAY FOOT OBLIQUE VIEW,5000.00,isalu
DIAG1993,XRAY HAND AP,5000.00,isalu
DIAG1997,XRAY HIP AP,12188.88,isalu
DIAG1998,"XRAY HIP AP, LATERAL AND OBLIQUE",7700.00,isalu
DIAG2000,XRAY HUMERUS LAT OBLIQUE,10692.00,isalu
DIAG2004,XRAY IVP/IVU (Intravenous Pyelogram/Urogram),47957.00,isalu
DIAG2005,XRAY KNEE JOINT TUNNEL VIEW,2500.00,isalu
DIAG2007,"XRAY KUB (Kidneys, Ureters, Bladder)",6500.00,isalu
DIAG2169,XRAY L/S SPINE LYING SUPINE,7700.00,isalu
DIAG2170,Xray L/S spine Sitting Up and Lying Supine,7700.00,isalu
DIAG2009,XRAY LEFT ANKLE JOINT AP,5000.00,isalu
DIAG2010,XRAY LEFT ANKLE JOINT AP/LAT,10157.40,isalu
DIAG2013,XRAY LEFT ELBOW JOINT AP/LAT,10692.00,isalu
DIAG2014,XRAY LEFT FEMUR AP,9800.00,isalu
DIAG2015,XRAY LEFT FEMUR AP/LAT VIEW,12117.60,isalu
DIAG2019,XRAY LEFT FOREARMS (RADIUS AND ULNA) AP/LAT,10692.00,isalu
DIAG2022,XRAY LEFT HAND AP/LAT,10157.40,isalu
DIAG2025,XRAY LEFT HIP - AP / LAT,5000.00,isalu
DIAG2027,XRAY LEFT HUMERUS AP/LAT,2500.00,isalu
DIAG2028,XRAY LEFT KNEE  AP/LAT,10834.56,isalu
DIAG2035,XRAY LEFT SHOULDER JOINT AP,10692.00,isalu
DIAG2039,XRAY LEFT TIBIA AND FIBULA AP,10692.00,isalu
DIAG2040,XRAY LEFT TIBIA AND FIBULA PA/LAT,4000.00,isalu
DIAG2041,XRAY LEFT TOE AP/LAT,5000.00,isalu
DIAG2042,XRAY LEFT WRIST AP,5000.00,isalu
DIAG2043,XRAY LEFT WRIST JOINT AP/LAT,2500.00,isalu
DIAG2047,XRAY LUMBAR SPINE AP/LAT/BOTH OBL,19958.40,isalu
DIAG2048,XRAY LUMBAR SPINE AP/LAT/FLEXION / EXTENSION,7700.00,isalu
DIAG2051,XRAY LUMBOSACRAL AP,9800.00,isalu
DIAG2052,XRAY LUMBOSACRAL AP/LAT,12000.00,isalu
DIAG2054,XRAY Mandible (Left Oblique),12830.40,isalu
DIAG2055,XRAY Mandible (Right  oblique),9639.00,isalu
DIAG2056,XRAY Mastoids,8687.00,isalu
DIAG2057,XRAY MCU (Micturating cysto-urethrogram),57024.00,isalu
DIAG2067,XRAY PARANASAL SINUSES - LAT,15681.60,isalu
DIAG2069,XRAY PARANASAL SINUSES AP/WATERS/LAT,5500.00,isalu
DIAG2072,XRAY Pelvimetry,17107.20,isalu
DIAG2073,XRAY PELVIS AP,9979.20,isalu
DIAG2074,XRAY PELVIS AP/LAT,2500.00,isalu
DIAG2075,XRAY Pelvis Frog View,25660.80,isalu
DIAG2080,XRAY POST NASAL SPACE,8618.40,isalu
DIAG2171,XRAY RCUG,28619.50,isalu
DIAG2086,XRAY RIGHT ELBOW JOINT AP/LAT,6545.00,isalu
DIAG2092,XRAY RIGHT FOREARMS (RADIUS AND ULNA) AP/LAT,5500.00,isalu
DIAG2095,XRAY RIGHT HAND -AP/LAT,2500.00,isalu
DIAG2098,XRAY RIGHT HIP - AP / LAT,5400.00,isalu
DIAG2100,XRAY Right Hip Joint LAT,5500.00,isalu
DIAG2101,XRAY RIGHT HUMERUS AP/LAT,7700.00,isalu
DIAG2102,XRAY RIGHT KNEE  AP/LAT,6600.00,isalu
DIAG2112,XRAY RIGHT SHOULDER JOINT AP/LAT,10834.56,isalu
DIAG2121,XRAY Sacroiliac Joint AP View,3500.00,isalu
DIAG2134,XRAY SKULL (ALL VIEWS),15681.60,isalu
DIAG2135,XRAY SKULL AP/LAT,11511.72,isalu
DIAG2137,XRAY Skull Both Mandibles OBL,5000.00,isalu
DIAG2139,XRAY Skull Both Temporomandibular Joints,15351.00,isalu
DIAG2141,XRAY Skull LAT - Pituitary Fossa,8687.00,isalu
DIAG2150,XRAY Skull Right TM Joint,10115.00,isalu
DIAG2154,XRAY Soft Tissue neck LAT,18000.00,isalu
DIAG2156,XRAY Temporo-mandibular Joint LT (Closed),8687.00,isalu
DIAG2157,XRAY Temporo-mandibular Joint LT (Open),8687.00,isalu
DIAG2158,XRAY Temporo-mandibular Joint RT (Closed),5800.00,isalu
DIAG2160,XRAY Thoracic,25660.80,isalu
DIAG2161,XRAY Thoracic Inlet  - AP,8925.00,isalu
DIAG2163,XRAY THORACIC SPINE AP/LAT,11511.72,isalu
DIAG2164,XRAY THORACOLUMBER AP,6630.00,isalu
DIAG2165,XRAY THORACOLUMBER LAT,6000.00,isalu
DRG3258,XYLO MEPHA ADULT SPRAY,4963.32,isalu
DRG3259,XYLOCAINE AND ADRENALINE INJ,4615.38,isalu
DRG3260,XYLOCAINE GEL,1782.00,isalu
DRG3261,XYLOCAINE INJ 1%,1440.00,isalu
DRG3262,XYLOCAINE INJ 2%,960.00,isalu
DRG3263,XYLOCAINE SPRAY,14844.06,isalu
DRG4974,XYLOMEPHA NASAL SPRAY1 PIECE,3367.98,isalu
DRG2618,XYLOMETAZOLINE,10139.61,isalu
DRG4975,XYLOMETAZOLINE NASAL DROP 0 1PERCENT 10MLS1 BOT,1562.22,isalu
DRG3266,YEAST TAB,18.00,isalu
DRG3267,YELLOW FEVER VACCINE - SINGLE,3584.35,isalu
DRG3272,ZADITEN 1MG TAB,166.32,isalu
DRG3273,ZADITEN 2MG TAB,273.60,isalu
DRG3276,ZANTAC 150MG TAB,252.00,isalu
DRG3277,ZANTAC 300MG TAB,504.00,isalu
MED0017,ZANTAC INJECTION,1224.00,isalu
DRG3280,ZEFFIX 100MG TAB,1008.00,isalu
DRG4983,ZESTRIL 20MG TAB,204.48,isalu
DRG3292,ZIDOVUDINE SYRUP 50MG/5MLS,2289.60,isalu
DRG1280,ZINC 10MG TAB,65.34,isalu
DRG2056,ZINC 50MG,215.04,isalu
DRG3307,ZOLADEX INJ 10.8MG,123120.00,isalu
DRG3308,ZOLADEX INJ 3.6MG,67200.00,isalu
DRG4995,ZOPICLONE 7.5 MG,276.05,isalu
DRG3315,ZYLORIC 100MG TAB,130.68,isalu
DRG3316,ZYLORIC 300MG TAB,130.68,isalu
